div_and_fold,fold_growth,division_ratio,added_length,generationtime,length_birth,length_final,growth_rate,lineage_ID,generation,start_time,end_time,trap_ID,trace,dataset
,0.679710661209827,,2.6908368797159574,0.45,2.764634099706004,5.455470979421961,1.5104681360218377,1.0,0.0,0.45,0.9,1,A,SL
0.9849387152942849,0.66550607700467,0.5062716304164118,2.611354390355747,0.40000000000000013,2.7619501874413754,5.373304577797122,1.6637651925116745,1.0,1.0,0.95,1.35,1,A,SL
0.9856772412138178,0.6947766383863527,0.49203621478017345,2.6524835871243715,0.4500000000000002,2.643860445320274,5.296344032444646,1.5439480853030054,1.0,2.0,1.4,1.85,1,A,SL
0.8099833194201324,0.5399203023215755,0.47205398395163967,1.789790019296536,0.3999999999999999,2.500160300893987,4.289950320190523,1.349800755803939,1.0,3.0,1.9,2.3,1,A,SL
1.0239061883954608,0.7818014474376389,0.4685199769808469,2.382579255487525,0.6000000000000001,2.0099274252646406,4.392506680752166,1.3030024123960646,1.0,4.0,2.35,2.95,1,A,SL
1.243003183802184,0.8569271776273875,0.5276105808193486,3.1423667879627857,0.6000000000000001,2.317533001084519,5.459899789047305,1.4282119627123122,1.0,5.0,3.0,3.6,1,A,SL
0.957355411514807,0.6809264313544409,0.4845633964742767,2.5813970231830408,0.5000000000000004,2.645667586189949,5.22706460937299,1.3618528627088806,1.0,6.0,3.65,4.15,1,A,SL
0.9614759319786342,0.6608361089976362,0.4965247960720374,2.430329627585144,0.5,2.5953671892242878,5.025696816809432,1.3216722179952725,1.0,7.0,4.2,4.7,1,A,SL
1.0150889500315514,0.6979591025126305,0.5051080771937141,2.5630092492548147,0.5499999999999998,2.5385200556971816,5.101529304951996,1.2690165500229649,1.0,8.0,4.75,5.3,1,A,SL
0.9838467615545868,0.5829852314793245,0.5492122195198544,2.2173008531345775,0.4500000000000002,2.801822232518266,5.0191230856528435,1.2955227366207205,1.0,9.0,5.35,5.8,1,A,SL
1.0296389064264253,0.670585246274271,0.5265667989882595,2.5249808281909263,0.5500000000000007,2.6429035769402938,5.16788440513122,1.2192459023168547,1.0,10.0,5.85,6.4,1,A,SL
1.14418607998127,0.7652661944743753,0.5322868956728993,3.162224252099742,0.6499999999999995,2.750797147203685,5.913021399303427,1.1773326068836552,1.0,11.0,6.45,7.1,1,A,SL
0.8632743009409983,0.3969683581539012,0.580427051469753,1.6724818388575882,0.2999999999999998,3.4320775760752413,5.1045594149328295,1.3232278605130048,1.0,12.0,7.15,7.45,1,A,SL
0.9958852083400385,0.6588875880711301,0.5152975033087795,2.4531884944182734,0.5,2.6303667220062117,5.083555216424485,1.3177751761422603,1.0,13.0,7.5,8.0,1,A,SL
1.1448908184098714,0.7924389073813212,0.5183370202590439,3.1851208289602146,0.5999999999999996,2.6349948632037865,5.820115692164001,1.3207315123022028,1.0,14.0,8.05,8.65,1,A,SL
0.9105283094183869,0.6145728448052444,0.49247916051729745,2.433094411615035,0.5,2.8662856901904767,5.299380101805512,1.2291456896104889,1.0,15.0,8.7,9.2,1,A,SL
1.0887035781486805,0.7144957550386958,0.5328538236393413,2.94565912864027,0.5500000000000007,2.8237949501653086,5.769454078805579,1.2990831909794451,1.0,16.0,9.25,9.8,1,A,SL
0.9015037562614225,0.6380129327175248,0.47630160455723164,2.4531842884666526,0.40000000000000036,2.748000235154362,5.201184523621015,1.5950323317938107,1.0,17.0,9.85,10.25,1,A,SL
0.9708621631375061,0.5469191720650581,0.5618670930189142,2.1272588289381114,0.3999999999999986,2.9223744285419055,5.049633257480017,1.3672979301626502,1.0,18.0,10.3,10.7,1,A,SL
1.1629545334731808,0.7902040406361236,0.5276931803292692,3.2078368560272543,0.5500000000000007,2.6646570331360775,5.872493889163332,1.4367346193384047,1.0,19.0,10.75,11.3,1,A,SL
,0.6699826058866508,,2.834596898288293,0.45,2.9706424333396493,5.805239331627942,1.4888502353036686,2.0,0.0,0.45,0.9,1,B,SL
0.9813071048021582,0.6473009430062252,0.5136717898606407,2.7147349231567186,0.40000000000000013,2.9819876780467145,5.696722601203433,1.6182523575155625,2.0,1.0,0.95,1.35,1,B,SL
1.0346332768603352,0.698044951772159,0.514789134511344,2.9614078748227133,0.5,2.932610897424728,5.894018772247441,1.396089903544318,2.0,2.0,1.4,1.9,1,B,SL
0.9034857545338236,0.5957284189897183,0.49796606091965817,2.3901406866779222,0.44999999999999996,2.9350213110025782,5.3251619976805005,1.323840931088263,2.0,3.0,1.95,2.4,1,B,SL
0.9402366590076235,0.6734789945738322,0.4794562330366471,2.453730413655677,0.5,2.553182111717799,5.006912525373476,1.3469579891476644,2.0,4.0,2.45,2.95,1,B,SL
1.1423656410657441,0.8077439262315848,0.5093383797032063,3.1695121238189623,0.6000000000000001,2.550212712989415,5.7197248368083775,1.3462398770526411,2.0,5.0,3.0,3.6,1,B,SL
0.8973516956830772,0.5723601223062097,0.506278920054949,2.2368286677597955,0.44999999999999973,2.895776113390815,5.132604781150611,1.271911382902689,2.0,6.0,3.65,4.1,1,B,SL
1.126940654031479,0.7925372058890297,0.5101601257034747,3.1656906886169143,0.5499999999999998,2.6184503003380506,5.784140988954965,1.4409767379800544,2.0,7.0,4.15,4.7,1,B,SL
1.0125454070108748,0.6600686040529093,0.5232995431459789,2.829867054857625,0.5,3.0268383370120637,5.8567053918696885,1.3201372081058187,2.0,8.0,4.75,5.25,1,B,SL
1.0041601579488297,0.6251429473909551,0.5374113735608433,2.7336101221737423,0.4500000000000002,3.1474600891858864,5.881070211359629,1.3892065497576775,2.0,9.0,5.3,5.75,1,B,SL
1.0134620947726558,0.6426276393892548,0.5329885413238352,2.8256987025339684,0.4500000000000002,3.134543033375628,5.960241735909596,1.4280614208650102,2.0,10.0,5.8,6.25,1,B,SL
0.953284923987361,0.6998225898213127,0.4734712747508264,2.859805337638681,0.5,2.822003252524195,5.681808590162876,1.3996451796426255,2.0,11.0,6.3,6.8,1,B,SL
1.0818548124910832,0.7807469899884648,0.4955584339227988,3.3312238001306635,0.6000000000000005,2.8156681667902204,6.146891966920884,1.3012449833141069,2.0,12.0,6.85,7.45,1,B,SL
1.0068882971043838,0.6530852347531704,0.5240225540117204,2.968123557317576,0.5500000000000007,3.2211100277400093,6.189233585057585,1.1874276995512174,2.0,13.0,7.5,8.05,1,B,SL
0.8969672664554774,0.5169220281791085,0.5349093755048885,2.2408608584065015,0.5,3.310679071837035,5.551539930243536,1.033844056358217,2.0,14.0,8.1,8.6,1,B,SL
1.051630291230266,0.693861692969906,0.5254395783579568,2.921168753433935,0.5499999999999989,2.916998800184525,5.83816755361846,1.2615667144907405,2.0,15.0,8.65,9.2,1,B,SL
1.0315949750124598,0.6362884153661535,0.5459748910323303,2.835131417678262,0.4499999999999993,3.187492893915325,6.022624311593587,1.4139742563692324,2.0,16.0,9.25,9.7,1,B,SL
0.8782989466367542,0.6027627778674499,0.4806908037366784,2.3946444679175736,0.4499999999999993,2.8950201209439808,5.289664588861554,1.3394728397054463,2.0,17.0,9.75,10.2,1,B,SL
0.9989544600591967,0.607634716197171,0.5440681288581183,2.406196118111495,0.5,2.8779379151489537,5.2841340332604485,1.215269432394342,2.0,18.0,10.25,10.75,1,B,SL
0.9606721065320575,0.6315300677792525,0.5108638328061772,2.3768472076370566,0.5,2.6994729652929967,5.076320172930053,1.263060135558505,2.0,19.0,10.8,11.3,1,B,SL
,0.58525332151096,,2.3089639237316852,0.4,2.902729588822563,5.211693512554248,1.4631333037774,3.0,0.0,0.05,0.45,2,A,SL
1.0246241975841865,0.6976793444728104,0.5099954700218727,2.682087200810558,0.55,2.6579400825450485,5.340027283355607,1.2685078990414733,3.0,1.0,0.5,1.05,2,A,SL
0.9566095791785427,0.6391590945153104,0.5048373259033049,2.41247615835281,0.44999999999999996,2.6958450939799343,5.108321252332744,1.4203535433673566,3.0,2.0,1.1,1.55,2,A,SL
0.9641901302207847,0.7188068622272034,0.4698820207231729,2.5250846209470716,0.5499999999999998,2.4003083125492393,4.925392933496311,1.3069215676858248,3.0,3.0,1.6,2.15,2,A,SL
0.8936760299537453,0.5993269883201618,0.49079000041411663,1.984372002898874,0.5,2.4173335998703416,4.401705602769216,1.1986539766403237,3.0,4.0,2.2,2.7,2,A,SL
1.0826676625979286,0.6800424039110481,0.5484745769965597,2.3513606978521215,0.5499999999999998,2.4142236185422323,4.765584316394354,1.2364407343837243,3.0,5.0,2.75,3.3,2,A,SL
0.9319490522774838,0.5109533333750984,0.5590980246167466,1.7768530097715272,0.3999999999999999,2.6644287774406323,4.4412817872121595,1.2773833334377462,3.0,6.0,3.35,3.75,2,A,SL
1.166128493646402,0.7655997571393357,0.5423138018382433,2.7705368293229418,0.6000000000000005,2.408568411057974,5.179105240380916,1.275999595232225,3.0,7.0,3.8,4.4,2,A,SL
0.8818534290195127,0.5516466517103978,0.5079480660853347,1.9364952245789282,0.4500000000000002,2.6307164909039087,4.567211715482837,1.225881448245328,3.0,8.0,4.45,4.9,2,A,SL
0.9974281446130641,0.6200280798480728,0.5365458559573257,2.1049469882070313,0.5999999999999996,2.4505185192220647,4.555465507429096,1.033380133080122,3.0,9.0,4.95,5.55,2,A,SL
1.0964474485264386,0.6827750179667065,0.5539395815257866,2.4713758756304025,0.6000000000000005,2.5234526568404285,4.994828532470831,1.1379583632778432,3.0,10.0,5.6,6.2,2,A,SL
0.9207087474533139,0.5849982617001968,0.5129331318587729,2.0367692796174715,0.5499999999999998,2.562013042257822,4.5987823218752935,1.0636332030912672,3.0,11.0,6.25,6.8,2,A,SL
1.093778078431634,0.7233073061716472,0.5306410494277533,2.58974461377642,0.6000000000000005,2.4403026773697056,5.030047291146126,1.2055121769527442,3.0,12.0,6.85,7.45,2,A,SL
0.9642101475359942,0.6303544506923167,0.5133484300677333,2.267855760632714,0.5999999999999996,2.5821668800763184,4.8500226407090326,1.0505907511538617,3.0,13.0,7.5,8.1,2,A,SL
1.1080803629104552,0.7203988771142384,0.5391455207266209,2.7593468656798166,0.5999999999999996,2.6148679821609724,5.374214847840789,1.2006647951903981,3.0,14.0,8.15,8.75,2,A,SL
1.118195612663781,0.7891069886759771,0.507940653197014,3.2796412641347783,0.5499999999999989,2.7297822002333416,6.00942346436812,1.4347399794108702,3.0,15.0,8.8,9.35,2,A,SL
0.988157505083489,0.6453455612286237,0.5182701036175015,2.823752375980668,0.4499999999999993,3.11450452155951,5.938256897540178,1.4341012471747216,3.0,16.0,9.4,9.85,2,A,SL
0.8237004258657162,0.46152568148413287,0.5191958755375914,1.8082262463183576,0.4499999999999993,3.0831184890855137,4.891344735403871,1.0256126255202969,3.0,17.0,9.9,10.35,2,A,SL
0.9590682702703959,0.54956940271543,0.5535725722081585,1.9834192479456427,0.5,2.707714286734355,4.691133534679998,1.09913880543086,3.0,18.0,10.4,10.9,2,A,SL
,0.5634314030454689,,2.1835403263188433,0.4,2.8856468177459234,5.069187144064767,1.408578507613672,4.0,0.0,0.05,0.45,2,B,SL
0.9976846201710355,0.716410566443879,0.4873714912878534,2.586872752382093,0.5,2.4705772980200598,5.057450050402153,1.432821132887758,4.0,1.0,0.5,1.0,2,B,SL
0.9573278719962341,0.7051784601479903,0.4729395015427471,2.449769988564205,0.5,2.3918679059145354,4.84163789447874,1.4103569202959807,4.0,2.0,1.05,1.55,2,B,SL
1.0599373757497546,0.688464461676294,0.5324562018762409,2.5538728400501336,0.5,2.57796012415423,5.131832964204364,1.376928923352588,4.0,3.0,1.6,2.1,2,B,SL
0.8812981112984029,0.5053136577407502,0.5317015253252736,1.7940712840702093,0.4500000000000002,2.7286034147819804,4.52267469885219,1.122919239423889,4.0,4.0,2.15,2.6,2,B,SL
1.1680983086369343,0.8862602564294966,0.4814835524971161,3.105335185452122,0.6499999999999999,2.177593480792177,5.282928666244299,1.363477317583841,4.0,5.0,2.65,3.3,2,B,SL
0.9340954669294543,0.626706991198471,0.4991325315586707,2.2978781600240783,0.3999999999999999,2.6368815592263886,4.934759719250467,1.5667674779961778,4.0,6.0,3.35,3.75,2,B,SL
0.9907183533631055,0.6694076196344266,0.5072594811585681,2.3857533684692105,0.4500000000000002,2.503203654829193,4.888957023298404,1.487572488076503,4.0,7.0,3.8,4.25,2,B,SL
1.0392409809353977,0.7711850856042753,0.4806122510117732,2.731111852576371,0.6000000000000005,2.3496926400672637,5.080804492643635,1.2853084760071245,4.0,8.0,4.3,4.9,2,B,SL
1.0844081827551288,0.7428523193164476,0.5159125860043293,2.888414982019587,0.5499999999999998,2.621250984782192,5.509665966801779,1.3506405805753596,4.0,9.0,4.95,5.5,2,B,SL
1.2008374823364174,0.8254930027310278,0.5259896267689987,3.718186262588969,0.6000000000000005,2.8980271454999227,6.616213408088892,1.3758216712183784,4.0,10.0,5.55,6.15,2,B,SL
1.0220122038394437,0.756145261266194,0.47980676530208966,3.587346892389558,0.5499999999999998,3.1745039538834456,6.761850846273004,1.3748095659385349,4.0,11.0,6.2,6.75,2,B,SL
1.1831151970883371,0.8185031036734557,0.5218619726185044,4.471295675482091,0.6500000000000004,3.528752821188133,8.000048496670225,1.259235544113008,4.0,12.0,6.8,7.45,2,B,SL
0.8342118162532584,0.3588003209434571,0.5827084791290164,2.012038894068338,0.34999999999999964,4.66169609245308,6.673734986521418,1.0251437741241642,4.0,13.0,7.5,7.85,2,B,SL
1.0246272574834683,0.6547325151640692,0.5323768797088564,3.2851485682828123,0.5,3.5529422081280995,6.838090776410912,1.3094650303281383,4.0,14.0,7.9,8.4,2,B,SL
0.7256378385623979,0.35107228530328494,0.5108003248398967,1.4690784210128887,0.3000000000000007,3.492898989875395,4.9619774108882835,1.170240951010947,4.0,15.0,8.45,8.75,2,B,SL
1.1340794136148469,0.7603839056025518,0.530167294042317,2.9965982954805566,0.5999999999999996,2.630678137029743,5.6272764325103,1.267306509337587,4.0,16.0,8.8,9.4,2,B,SL
0.8522137686205112,0.5300801335839532,0.5015770646600786,1.973129660569633,0.45000000000000107,2.822512795049355,4.795642455618988,1.177955852408782,4.0,17.0,9.45,9.9,2,B,SL
1.0668884132972882,0.7174965871693811,0.5206120188407264,2.619746269758353,0.6000000000000014,2.4966691004581,5.116415370216453,1.1958276452822991,4.0,18.0,9.95,10.55,2,B,SL
0.7823419537339991,0.4012139117355845,0.5237832816950994,1.3228935637225812,0.34999999999999964,2.6798928331272203,4.002786396849801,1.1463254621016712,4.0,19.0,10.6,10.95,2,B,SL
,0.692489236022978,,3.0778423979677054,0.45000000000000007,3.0818964980637515,6.159738896031457,1.5388649689399507,5.0,0.0,0.1,0.55,3,A,SL
0.9584917280175275,0.6480803663408443,0.5013380208885658,2.815947471267238,0.45000000000000007,3.08811130732673,5.904058778593968,1.4401785918685428,5.0,1.0,0.6,1.05,3,A,SL
0.9936992689013031,0.6337551823995081,0.5272524320753235,2.7539295417098137,0.44999999999999996,3.1129293501293334,5.866858891839147,1.4083448497766848,5.0,2.0,1.1,1.55,3,A,SL
1.0804324647015469,0.6588745689130243,0.5590517815499841,3.058866896980914,0.44999999999999973,3.279877915585041,6.338744812565955,1.4641657086956104,5.0,3.0,1.6,2.05,3,A,SL
0.8862971434235288,0.6687531290743872,0.45409169164682045,2.7396400654123343,0.44999999999999973,2.8783713548555823,5.6180114202679166,1.4861180646097503,5.0,4.0,2.1,2.55,3,A,SL
0.9791018923007495,0.6960860030849285,0.48811435478018805,2.7583735929997366,0.5499999999999998,2.742232019551802,5.500605612551539,1.2656109146998704,5.0,5.0,2.6,3.15,3,A,SL
0.9207889936236211,0.5124494949482253,0.55157697857751,2.0308896821841027,0.3999999999999999,3.034007424117671,5.064897106301774,1.2811237373705637,5.0,6.0,3.2,3.6,3,A,SL
1.161616513807468,0.8027019905924476,0.520539550005507,3.2469888588772804,0.6000000000000001,2.63647926053852,5.8834681194158005,1.3378366509874124,5.0,7.0,3.65,4.25,3,A,SL
0.8114924663912926,0.374338637720378,0.5580990556046701,1.4908320540331244,0.35000000000000053,3.2835580011261425,4.774390055159267,1.0695389649153642,5.0,8.0,4.3,4.65,3,A,SL
1.03884918814948,0.7392965836592004,0.4959981743348504,2.591782481789693,0.5999999999999996,2.368088750921462,4.959871232711155,1.2321609727653346,5.0,9.0,4.7,5.3,3,A,SL
0.9216701596436164,0.4867261232334321,0.5664910558446036,1.761642619392854,0.4500000000000002,2.809722691471818,4.571365310864672,1.0816136071854043,5.0,10.0,5.35,5.8,3,A,SL
0.9117838907757234,0.5863534195409228,0.5072731320804812,1.8491664501709808,0.5,2.3189307991263846,4.168097249297365,1.1727068390818456,5.0,11.0,5.85,6.35,3,A,SL
1.258587454169269,0.7733542685821921,0.5807910388282249,2.8251213743666193,0.6499999999999995,2.4207935313564835,5.245914905723103,1.1897757978187582,5.0,12.0,6.4,7.05,3,A,SL
0.9362517020155913,0.6516358226023335,0.48796736574058913,2.351661481667221,0.5500000000000007,2.5598352774449933,4.9114967591122145,1.184792404731514,5.0,13.0,7.1,7.65,3,A,SL
0.9676570215010799,0.5900888261075945,0.5363510451913373,2.1183579048310306,0.5499999999999998,2.634286420203702,4.7526443250347326,1.0728887747410814,5.0,14.0,7.7,8.25,3,A,SL
0.9998633114039128,0.6297598595276624,0.5326468965016812,2.2205134428481648,0.5499999999999989,2.5314812499060775,4.751994692754242,1.145017926413934,5.0,15.0,8.3,8.85,3,A,SL
1.1297174868254116,0.7919123268651411,0.5117368570894175,2.936640672730369,0.5999999999999996,2.4317708289756483,5.368411501706017,1.3198538781085694,5.0,16.0,8.9,9.5,3,A,SL
1.0831115194794143,0.7037439068925787,0.5358473402561388,2.9379393142139354,0.5999999999999996,2.8766490245896335,5.814588338803569,1.1729065114876318,5.0,17.0,9.55,10.15,3,A,SL
0.9657062085789974,0.4587930089830034,0.6103708034936688,2.0661291027731936,0.40000000000000036,3.549054956340451,5.615184059113645,1.1469825224575074,5.0,18.0,10.2,10.6,3,A,SL
1.125213127787579,0.5460533647928412,0.6517586852859033,2.658533838251947,0.34999999999999964,3.659744980006271,6.318278818258218,1.5601524708366907,5.0,19.0,10.65,11.0,3,A,SL
0.8062497707264885,0.4156903983305879,0.5320317592558321,1.7325858534599377,0.29999999999999893,3.3615249951467794,5.094110848606717,1.3856346611019645,5.0,20.0,11.05,11.35,3,A,SL
1.0144245907908174,0.7078603066726391,0.499804248330968,2.621533069438422,0.5999999999999996,2.5460582436025097,5.167591313040932,1.1797671777877325,5.0,21.0,11.4,12.0,3,A,SL
1.048565310000561,0.7485637741173484,0.49601906489252284,2.8553331762736827,0.5,2.5632238108412873,5.41855698711497,1.4971275482346968,5.0,22.0,12.05,12.55,3,A,SL
1.0996751849786017,0.6187882787729572,0.5922813942194557,2.7493421701367216,0.40000000000000036,3.2093104869860274,5.958652657122749,1.5469706969323915,5.0,23.0,12.6,13.0,3,A,SL
0.8869092374109124,0.4739186544404867,0.5521523459723149,1.9947000406607507,0.34999999999999964,3.290084043464493,5.284784084125244,1.354053298401392,5.0,24.0,13.05,13.4,3,A,SL
1.0287400548672543,0.7405592068097009,0.4905517990094433,2.8442087288204845,0.5500000000000007,2.5924603398441115,5.436669068664596,1.3464712851085454,5.0,25.0,13.45,14.0,3,A,SL
1.0916603523956014,0.7587229299114523,0.5111852992979596,3.155850766307389,0.5,2.779145305049271,5.93499607135666,1.5174458598229046,5.0,26.0,14.05,14.55,3,A,SL
0.8914456790227403,0.6177589243158342,0.4806241535046147,2.438224139978826,0.34999999999999964,2.8525024628490083,5.290726602827834,1.7650254980452424,5.0,27.0,14.6,14.95,3,A,SL
0.7947578789544163,0.5189505958031913,0.4729959933279384,1.7023541680600531,0.40000000000000036,2.5024924849311003,4.2048466529911535,1.297376489507977,5.0,28.0,15.0,15.4,3,A,SL
,0.6975236153211994,,2.6052589200314085,0.45000000000000007,2.582604185244442,5.18786310527585,1.5500524784915541,6.0,0.0,0.1,0.55,3,B,SL
0.9176664894040206,0.6593442580323261,0.47460826820855945,2.2985253992290793,0.5000000000000001,2.462202724098051,4.76072812332713,1.318688516064652,6.0,1.0,0.6,1.1,3,B,SL
1.0683471239372542,0.7911351985087959,0.48431367740967185,2.7804244538475347,0.55,2.3056857445562082,5.086110198403743,1.438427633652356,6.0,2.0,1.15,1.7,3,B,SL
1.1604122583847793,0.7840175945748962,0.5298071230546783,3.2073272099682004,0.5499999999999998,2.6946574117553457,5.901984621723546,1.4254865355907207,6.0,3.0,1.75,2.3,3,B,SL
0.8341074941384489,0.4870207221962664,0.5125209364106573,1.8979989182624366,0.2999999999999998,3.0248906850070507,4.922889603269487,1.623402407320889,6.0,4.0,2.35,2.65,3,B,SL
1.0020670402757417,0.668935172273439,0.5133125986051019,2.4060841594521762,0.44999999999999973,2.5269812549002997,4.933065414352476,1.4865226050520877,6.0,5.0,2.7,3.15,3,B,SL
0.9721654772744522,0.6432201060295114,0.5109674696752308,2.2751199404559896,0.5,2.5206359525140787,4.795755892970068,1.2864402120590228,6.0,6.0,3.2,3.7,3,B,SL
0.9838879471732478,0.5937788339971443,0.5433388626552083,2.112765868219956,0.5,2.6057205524583695,4.7184864206783255,1.1875576679942885,6.0,7.0,3.75,4.25,3,B,SL
1.0394729249262735,0.6739319239386692,0.5298198996274067,2.40479087913033,0.5,2.499948001797072,4.904738880927402,1.3478638478773384,6.0,8.0,4.3,4.8,3,B,SL
1.1574543143356513,0.7235277437520453,0.5614094923690898,2.9234442130748466,0.5500000000000007,2.7535669653443904,5.677011178419237,1.3155049886400807,6.0,9.0,4.85,5.4,3,B,SL
0.9432766425850616,0.6790149339924815,0.47835095088759844,2.639388348900794,0.4500000000000002,2.715603695396368,5.354992044297162,1.508922075538847,6.0,10.0,5.45,5.9,3,B,SL
1.1492102140694012,0.8116023011646304,0.5104169362986818,3.4207329204127106,0.7000000000000002,2.7332786331539722,6.154011553566683,1.1594318588066146,6.0,11.0,5.95,6.65,3,B,SL
0.8341534496424013,0.4709936485463532,0.5208300189284653,1.9281960126167128,0.34999999999999964,3.205193953930129,5.133389966546842,1.3456961387038677,6.0,12.0,6.7,7.05,3,B,SL
0.990534166660304,0.5806272729405421,0.5542506864187748,2.239613240042004,0.5,2.845184912613839,5.084798152655843,1.1612545458810841,6.0,13.0,7.1,7.6,3,B,SL
0.9461727053453562,0.6478146636267856,0.4950260822290511,2.2939895157987107,0.5,2.517107708434738,4.811097224233449,1.2956293272535713,6.0,14.0,7.65,8.15,3,B,SL
0.9469284609242974,0.6109629592563002,0.5140191842641151,2.0827686192847135,0.5500000000000007,2.4729962706158255,4.555764889900539,1.1108417441023626,6.0,15.0,8.2,8.75,3,B,SL
1.2151459726779366,0.846615911180207,0.5211321099125636,3.161763989090737,0.6999999999999993,2.374155369339446,5.535919358430183,1.2094513016860111,6.0,16.0,8.8,9.5,3,B,SL
1.1149078089829738,0.7642183279682361,0.5192101268825284,3.2977343301118456,0.5,2.874305392501981,6.172039722613826,1.5284366559364722,6.0,17.0,9.55,10.05,3,B,SL
0.8960670491454925,0.5764279261915659,0.5035018143456784,2.422928222901677,0.40000000000000036,3.1076331985496597,5.530561421451337,1.4410698154789134,6.0,18.0,10.1,10.5,3,B,SL
0.932870456518232,0.554853455013266,0.5356135381046236,2.1970537873829437,0.3999999999999986,2.962243570648487,5.159297358031431,1.38713363753317,6.0,19.0,10.55,10.95,3,B,SL
1.1613768075598037,0.8296799623927401,0.5065796266782383,3.3782933653686893,0.5500000000000007,2.6135949295535834,5.991888294922273,1.5085090225322528,6.0,20.0,11.0,11.55,3,B,SL
1.0912672779335684,0.6499644175868942,0.5697117451207213,3.1251024922132467,0.40000000000000036,3.413649137068591,6.538751629281838,1.6249110439672338,6.0,21.0,11.6,12.0,3,B,SL
0.8456754146923934,0.5066425720670169,0.5095321966685473,2.197957014525464,0.34999999999999964,3.3317044811380176,5.529661495663482,1.447550205905764,6.0,22.0,12.05,12.4,3,B,SL
0.9465518482990967,0.6232107829516124,0.5075600175833788,2.4274762232195264,0.45000000000000107,2.806635085969089,5.234111309188616,1.3849128510035797,6.0,23.0,12.45,12.9,3,B,SL
0.8602664923888819,0.5400908382751054,0.5012732581491823,1.8790105472562093,0.40000000000000036,2.6237200294724596,4.502730576728669,1.3502270956877622,6.0,24.0,12.95,13.35,3,B,SL
1.0512551610165524,0.7535393992837875,0.4948232961689652,2.505462771715385,0.5,2.2280559857376656,4.733518757453051,1.507078798567575,6.0,25.0,13.4,13.9,3,B,SL
1.1564718205405662,0.7044904038501625,0.5717139114016822,2.7679625314779353,0.45000000000000107,2.706218523516714,5.4741810549946495,1.5655342307781352,6.0,26.0,13.95,14.4,3,B,SL
1.054014562585691,0.7329865286851899,0.506424381714078,2.9976077940284753,0.5,2.7722587561665843,5.76986655019506,1.4659730573703798,6.0,27.0,14.45,14.95,3,B,SL
0.8054710252410869,0.5023370221972122,0.4874024698739444,1.8352131182817413,0.34999999999999964,2.8122472074081273,4.6474603256898686,1.4352486348491793,6.0,28.0,15.0,15.35,3,B,SL
,0.7216250025994806,,2.5306716941429164,0.49999999999999994,2.3924494037706276,4.923121097913544,1.4432500051989614,7.0,0.0,0.2,0.7,4,A,SL
1.0268218370536675,0.6365278238540593,0.5433186020709523,2.3803449770528546,0.3999999999999999,2.6748232727443986,5.055168249797253,1.5913195596351486,7.0,1.0,0.75,1.15,4,A,SL
1.1152198555405899,0.5970923855939303,0.6138278159190038,2.5346211193961277,0.40000000000000013,3.103002885876141,5.637624005272269,1.4927309639848252,7.0,2.0,1.2,1.6,4,A,SL
0.9079639090110448,0.5191946668389585,0.540238097235171,2.0730998638258984,0.3999999999999999,3.045659265535614,5.1187591293615124,1.2979866670973965,7.0,3.0,1.65,2.05,4,A,SL
1.1090182062961462,0.7824357920526637,0.5071438098660574,3.0808500614554664,0.5499999999999998,2.595947006651061,5.676797068106527,1.4226105310048436,7.0,4.0,2.1,2.65,4,A,SL
0.9766018128897228,0.5961420814379552,0.538042162750442,2.489614136100494,0.3999999999999999,3.0543561720194043,5.543970308119898,1.4903552035948884,7.0,5.0,2.7,3.1,4,A,SL
1.0348049127688745,0.7186085264734338,0.5043949899661603,2.940576863150416,0.5,2.796350847936827,5.736927711087243,1.4372170529468675,7.0,6.0,3.15,3.65,4,A,SL
0.839444010592188,0.5631077675893975,0.4780101721666949,2.0735198033878404,0.34999999999999964,2.7423098028846957,4.815829606272536,1.608879335969709,7.0,7.0,3.7,4.05,4,A,SL
1.433208956614358,1.1171176074112645,0.4689769534071526,4.643577028360734,0.8000000000000007,2.258513096877661,6.902090125238395,1.3963970092640794,7.0,8.0,4.1,4.9,4,A,SL
0.79275836105782,0.3204323197655796,0.5754119047943594,1.5001448295315902,0.20000000000000018,3.9715448260257635,5.471689655557354,1.6021615988278968,7.0,9.0,4.95,5.15,4,A,SL
0.9297664213501251,0.6187928280636324,0.5007668215532755,2.3473526724466685,0.5499999999999998,2.740040637339393,5.087393309786061,1.1250778692066048,7.0,10.0,5.2,5.75,4,A,SL
1.1033731155162727,0.68829932679051,0.5543675467874519,2.7930072573862947,0.6000000000000005,2.8202857486889945,5.613293006075289,1.1471655446508489,7.0,11.0,5.8,6.4,4,A,SL
1.0088068925296123,0.7099122081386392,0.4960175994676866,2.8784365523348003,0.5499999999999998,2.784292121982219,5.6627286743170195,1.2907494693429808,7.0,12.0,6.45,7.0,4,A,SL
0.9187147502587923,0.5789706427695077,0.5149166484814914,2.2865990895691044,0.4500000000000002,2.9158332702393586,5.202432359808463,1.2866014283766833,7.0,13.0,7.05,7.5,4,A,SL
0.9362423253454606,0.6258232170399959,0.5007220318826091,2.2657648680644162,0.6000000000000005,2.6049725019351304,4.870737369999547,1.0430386950666588,7.0,14.0,7.55,8.15,4,A,SL
0.8681909320439715,0.5378726478675036,0.5070141996489215,1.7591970076508958,0.5500000000000007,2.4695330093504126,4.2287300170013085,0.9779502688500052,7.0,15.0,8.2,8.75,4,A,SL
1.2835345158925824,0.8306735423723748,0.5593074654508389,3.062560667327322,0.8499999999999996,2.3651602678848844,5.427720935212206,0.9772629910263237,7.0,16.0,8.8,9.65,4,A,SL
0.9758075719670167,0.527517169886603,0.5757930092776644,2.171167416298752,0.45000000000000107,3.125243770805215,5.296411187103967,1.1722603775257816,7.0,17.0,9.7,10.15,4,A,SL
1.0388557629132702,0.6570614964932854,0.538514090242857,2.6500152325058886,0.5500000000000007,2.852192051975383,5.502207284481272,1.1946572663514263,7.0,18.0,10.2,10.75,4,A,SL
1.016353492380826,0.7148174501734951,0.4972828818878331,2.8560340942146873,0.5499999999999989,2.736153495171075,5.592187589385762,1.299668091224539,7.0,19.0,10.8,11.35,4,A,SL
1.0451250453763836,0.6470579391319933,0.5472106773152068,2.784430549648568,0.5,3.0601047584614767,5.844535308110045,1.2941158782639866,7.0,20.0,11.4,11.9,4,A,SL
0.8134253216063587,0.5245082817912787,0.4814227786631076,1.940400584614152,0.45000000000000107,2.8136924280249795,4.754093012639132,1.1655739595361723,7.0,21.0,11.95,12.4,4,A,SL
0.9754720396735749,0.6624264160282839,0.5029521724894878,2.2464033989130394,0.6000000000000014,2.391081408923945,4.637484807836985,1.1040440267138039,7.0,22.0,12.45,13.05,4,A,SL
1.0313878928725602,0.6208998965328486,0.5543303155247878,2.2123472674138114,0.5,2.5706984167696856,4.783045684183497,1.2417997930656972,7.0,23.0,13.1,13.6,4,A,SL
1.1064082238209771,0.8500882502547533,0.47285366439423887,3.0303204011608362,0.6500000000000004,2.261680678731216,5.292001079892052,1.3078280773150044,7.0,24.0,13.65,14.3,4,A,SL
0.9804747241990219,0.5271296184804878,0.5787712074911364,2.125815444214565,0.40000000000000036,3.0628578550535206,5.1886732992680855,1.3178240462012183,7.0,25.0,14.35,14.75,4,A,SL
1.015581799892205,0.6144146743932758,0.549386529464034,2.418934951915715,0.4499999999999993,2.8505872164075927,5.2695221683233076,1.3653659430961707,7.0,26.0,14.8,15.25,4,A,SL
1.0512758767472252,0.7109684006448048,0.5163534055663273,2.8187858202220273,0.6999999999999993,2.720935717320997,5.539721537543024,1.0156691437782936,7.0,27.0,15.3,16.0,4,A,SL
0.8529406181394203,0.4042929016596686,0.5692940179069412,1.5713231803587213,0.34999999999999787,3.1537303321934864,4.725053512552208,1.1551225761704886,7.0,28.0,16.05,16.4,4,A,SL
0.9629067748955563,0.6012995624502921,0.5277681290364599,2.0560533870637347,0.4499999999999993,2.4937326519168317,4.549786038980566,1.3362212498895403,7.0,29.0,16.45,16.9,4,A,SL
1.1114663375825953,0.7405649789947877,0.5299965347806801,2.6455631908769366,0.6000000000000014,2.4113708346532166,5.056934025530153,1.2342749649913098,7.0,30.0,16.95,17.55,4,A,SL
0.9178836003464947,0.550975565127352,0.5290563883677765,1.9662735583072064,0.3999999999999986,2.675403251761104,4.641676810068311,1.377438912818385,7.0,31.0,17.6,18.0,4,A,SL
1.1678052416153664,0.7748370645658419,0.5380999586906609,2.922888408929111,0.6499999999999986,2.4976860997531563,5.420574508682267,1.1920570224089901,7.0,32.0,18.05,18.7,4,A,SL
0.9360110631789561,0.5299871747869851,0.5509478294390157,2.087263949041483,0.4499999999999993,2.9864537598709537,5.073717708912437,1.1777492773044131,7.0,33.0,18.75,19.2,4,A,SL
0.9374695950282139,0.5693386773186018,0.5305136287073774,2.0647796930696014,0.5,2.6916763927920178,4.756456085861619,1.1386773546372035,7.0,34.0,19.25,19.75,4,A,SL
1.0821668582405763,0.6902862722578885,0.5426336356367666,2.566266080178422,0.5999999999999979,2.5810130586177147,5.1472791387961365,1.1504771204298183,7.0,35.0,19.8,20.4,4,A,SL
0.994892554347485,0.6531584618297036,0.5177416040486781,2.456029132529802,0.6000000000000014,2.66496055780661,5.120989690336412,1.0885974363828368,7.0,36.0,20.45,21.05,4,A,SL
0.9742361430833989,0.5702391471130415,0.550823578593143,2.1682913775135013,0.4499999999999993,2.8207618671696935,4.989053244683195,1.2671981046956498,7.0,37.0,21.1,21.55,4,A,SL
1.201128737484182,0.7143314543868264,0.5879756608082993,3.059053346677295,0.5999999999999979,2.9334418783503913,5.992495225027686,1.1905524239780483,7.0,38.0,21.6,22.2,4,A,SL
0.9540466873770769,0.5488677805465527,0.5510606238599013,2.4148920613793776,0.4499999999999993,3.302228157181236,5.717120218560614,1.2197061789923413,7.0,39.0,22.25,22.7,4,A,SL
,0.7764645130066927,,3.408432063749226,0.49999999999999994,2.903824798145431,6.312256861894657,1.5529290260133857,8.0,0.0,0.2,0.7,4,B,SL
0.8557053970981574,0.598859796020382,0.4701568482041591,2.4336814733496688,0.3999999999999999,2.9677507912434677,5.4014322645931365,1.4971494900509552,8.0,1.0,0.75,1.15,4,B,SL
0.9483066448609674,0.570784950174867,0.5358707343992953,2.2277446338445217,0.40000000000000013,2.894469474435573,5.122214108280095,1.426962375437167,8.0,2.0,1.2,1.6,4,B,SL
1.0102532010273757,0.5855630205924897,0.562501191281896,2.293481661329063,0.3999999999999999,2.8812515379084878,5.174733199237551,1.4639075514812245,8.0,3.0,1.65,2.05,4,B,SL
1.1350110832235185,0.73934264077758,0.5418856785703688,3.06926572276986,0.5499999999999998,2.8041138110894557,5.873379533859316,1.3442593468683277,8.0,4.0,2.1,2.65,4,B,SL
1.0526253658917255,0.6751193848905475,0.535886982910258,3.035000642962908,0.5,3.1474676378867263,6.182468280849634,1.350238769781095,8.0,5.0,2.7,3.2,4,B,SL
0.9081906394473741,0.52632917086357,0.536531428536822,2.2977712827400922,0.3999999999999999,3.317088538607844,5.614859821347936,1.3158229271589252,8.0,6.0,3.25,3.65,4,B,SL
0.9132904979152193,0.45192544299624543,0.5812195488913536,1.8645318295109825,0.39999999999999947,3.263466292452034,5.127998121963016,1.129813607490615,8.0,7.0,3.7,4.1,4,B,SL
1.1918621031155185,0.8555155124332496,0.506617683499079,3.513932096878739,0.75,2.597934529536531,6.11186662641527,1.1406873499109995,8.0,8.0,4.15,4.9,4,B,SL
0.9652416304474042,0.5271247651611441,0.5697819245307877,2.4169969786837657,0.39999999999999947,3.4824311288743854,5.899428107558151,1.3178119129028623,8.0,9.0,4.95,5.35,4,B,SL
0.9350730217018817,0.5207947057585313,0.5554785078307221,2.2393905446063918,0.5,3.2770055222410224,5.516396066847414,1.0415894115170625,8.0,10.0,5.4,5.9,4,B,SL
0.9034200135650351,0.5071615712407169,0.5440417582165917,1.982472794314638,0.4500000000000002,3.0011498152267584,4.9836226095413965,1.1270257138682593,8.0,11.0,5.95,6.4,4,B,SL
1.1258151845698239,0.6693538192580973,0.5764616650483816,2.7377706205182006,0.5499999999999998,2.872867387468994,5.610638007987195,1.217006944105632,8.0,12.0,6.45,7.0,4,B,SL
0.9118173931956707,0.5509152256299599,0.5255916169921944,2.1669730196315804,0.5499999999999998,2.948904302975854,5.115877322607434,1.0016640465999274,8.0,13.0,7.05,7.6,4,B,SL
1.011718054838478,0.6976601205641575,0.5035812595586255,2.599565507754613,0.5499999999999989,2.576259945866061,5.175825453620674,1.2684729464802889,8.0,14.0,7.65,8.2,4,B,SL
1.2019728787109691,0.8159087897034131,0.5315571732806516,3.4699546726732993,0.5999999999999996,2.7512471475206515,6.221201820193951,1.3598479828390226,8.0,15.0,8.25,8.85,4,B,SL
0.9005064591439044,0.4672171832217121,0.564386981830432,2.091067104065213,0.29999999999999893,3.5111653186572536,5.602232422722467,1.5573906107390458,8.0,16.0,8.9,9.2,4,B,SL
1.1623908478564526,0.8286646467955613,0.5075369884678622,3.668643523211699,0.5500000000000007,2.8433401725255765,6.511983695737276,1.506662994173746,8.0,17.0,9.25,9.8,4,B,SL
0.8754951990367781,0.48242110236162633,0.5404318626972052,2.181926983282633,0.3000000000000007,3.5192834785411264,5.701210461823759,1.6080703412054174,8.0,18.0,9.85,10.15,4,B,SL
1.1250350450426423,0.8196147343391122,0.49569198258166364,3.5880172517787345,0.6500000000000004,2.8260443169367413,6.414061568715476,1.2609457451370951,8.0,19.0,10.2,10.85,4,B,SL
0.9630836259052106,0.564621930590597,0.5475853370942343,2.6650316061295256,0.34999999999999964,3.512246066248237,6.1772776723777625,1.6132055159731358,8.0,20.0,10.9,11.25,4,B,SL
0.7951134179579439,0.5122416311975964,0.47639299692291764,1.9688245405905067,0.3999999999999986,2.9428118231690674,4.911636363759574,1.2806040779939956,8.0,21.0,11.3,11.7,4,B,SL
0.9442783376481567,0.6378108388957033,0.4990020145879996,2.187035380263423,0.5,2.450916440439704,4.637951820703127,1.2756216777914067,8.0,22.0,11.75,12.25,4,B,SL
0.985175127228494,0.6125590827008973,0.5339276467530036,2.0928640736589994,0.4499999999999993,2.476330701381829,4.569194775040828,1.361242406001996,8.0,23.0,12.3,12.75,4,B,SL
1.0590981608494323,0.6361019694533727,0.5606355572621742,2.2775727238641474,0.3999999999999986,2.5616530589444295,4.839225782808577,1.5902549236334376,8.0,24.0,12.8,13.2,4,B,SL
1.2004660028423506,0.8502004421171815,0.5129942589502726,3.3268309879949194,0.5999999999999996,2.482495044344939,5.809326032339858,1.41700073686197,8.0,25.0,13.25,13.85,4,B,SL
0.9973832575708512,0.591600333076115,0.5519926736534515,2.587419113710401,0.40000000000000036,3.2067054087158757,5.7941245224262765,1.4790008326902864,8.0,26.0,13.9,14.3,4,B,SL
0.9619564733533914,0.5982044970078062,0.528881662597477,2.509289381045962,0.40000000000000036,3.0644062107176215,5.573695591763584,1.495511242519514,8.0,27.0,14.35,14.75,4,B,SL
1.0148082449761215,0.7616679159036933,0.47380082668405143,3.015410662445907,0.5,2.6408215790628393,5.6562322415087465,1.5233358318073866,8.0,28.0,14.8,15.3,4,B,SL
0.8441273074712399,0.44221427127718577,0.5424462760454906,1.706377976601936,0.34999999999999964,3.0682021158548576,4.774580092456794,1.2634693465062463,8.0,29.0,15.35,15.7,4,B,SL
1.0417581207025401,0.6184415595554549,0.5612820297177533,2.294071578917423,0.4499999999999993,2.6798860053441276,4.973957584261551,1.3743145767899019,8.0,30.0,15.75,16.2,4,B,SL
1.1058686575787935,0.7691178545404221,0.512483525966565,2.9514724757706827,0.6499999999999986,2.5490713207904974,5.50054379656118,1.1832582377544982,8.0,31.0,16.25,16.9,4,B,SL
1.1664499493121572,0.8328718218291337,0.5071710695638343,3.626392352203442,0.6000000000000014,2.789716680484647,6.416109032688089,1.3881197030485528,8.0,32.0,16.95,17.55,4,B,SL
0.9625378575174968,0.5565742263718477,0.5516971042578337,2.6359990679857037,0.34999999999999787,3.5397487739365494,6.175747841922253,1.590212075348146,8.0,33.0,17.6,17.95,4,B,SL
1.0431745365703287,0.6138367601662136,0.5646392444098839,2.9553132978435013,0.4499999999999993,3.4870695951289523,6.442382892972454,1.3640816892582546,8.0,34.0,18.0,18.45,4,B,SL
0.9209983829686937,0.577404928123139,0.5170054170964138,2.6026773722167804,0.4499999999999993,3.330746854676024,5.933424226892805,1.2831220624958666,8.0,35.0,18.5,18.95,4,B,SL
0.9736456160617731,0.5801089012948011,0.5450832265450838,2.5428424646933956,0.3999999999999986,3.2342100220554992,5.777052486748895,1.4502722532370078,8.0,36.0,19.0,19.4,4,B,SL
0.8761260129917383,0.48128893202072953,0.5414339045242132,1.933533877517546,0.3500000000000014,3.1278920845417697,5.061425962059316,1.3751112343449359,8.0,37.0,19.45,19.8,4,B,SL
1.0221084900880295,0.6702519756398329,0.5228899096859557,2.5267578835894517,0.5499999999999972,2.646568564183347,5.173326447772799,1.2186399557087932,8.0,38.0,19.85,20.4,4,B,SL
1.070329063295769,0.5537184070762384,0.6152342003487986,2.3543542907290993,0.4499999999999993,3.1828073602387885,5.537161650967888,1.2304853490583096,8.0,39.0,20.45,20.9,4,B,SL
1.0905044123530296,0.669467685669346,0.5583175832777573,2.9468045011057997,0.5,3.0914947111866677,6.0382992122924675,1.338935371338692,8.0,40.0,20.95,21.45,4,B,SL
0.9152309936841062,0.45129271121746106,0.5828231376135175,2.0071780954708642,0.3500000000000014,3.519260492757527,5.526438588228391,1.2894077463355977,8.0,41.0,21.5,21.85,4,B,SL
0.976172596647876,0.6492982226063091,0.5099645375066325,2.5764702081812323,0.5,2.8182876987046988,5.394757906885931,1.2985964452126182,8.0,42.0,21.9,22.4,4,B,SL
0.9498771006146862,0.6234667410794585,0.50921273051004,2.377277594904949,0.5,2.7470794042060134,5.1243569991109625,1.246933482158917,8.0,43.0,22.45,22.95,4,B,SL
,0.5894160364332988,,2.539588263116978,0.35,3.162880485468918,5.702468748585896,1.6840458183808538,9.0,0.0,0.25,0.6,5,A,SL
1.2715570584572788,0.9524678332194246,0.4905511846520857,4.453661587836135,0.6,2.797352800060308,7.251014387896443,1.587446388699041,9.0,1.0,0.65,1.25,5,A,SL
0.8712089313605681,0.5984188569921863,0.47888618825228857,2.844737854977135,0.3999999999999999,3.4724106411822286,6.317148496159364,1.4960471424804662,9.0,2.0,1.3,1.7,5,A,SL
1.0654895444597563,0.6438004172445928,0.5596934490559314,3.1951890434435506,0.3999999999999999,3.535666630013925,6.730855673457476,1.6095010431114822,9.0,3.0,1.75,2.15,5,A,SL
0.8647191777659639,0.5882792039769011,0.48016298591841355,2.588392225660286,0.34999999999999964,3.231907757953236,5.820299983613522,1.6807977256482907,9.0,4.0,2.2,2.55,5,A,SL
0.9258906943398993,0.5308918982341472,0.5444980106195307,2.2198198308079786,0.5,3.16914176228645,5.388961593094429,1.0617837964682943,9.0,5.0,2.6,3.1,5,A,SL
0.8578230899697465,0.4632765318834291,0.5397582518168466,1.714039196919773,0.5500000000000003,2.908736488596777,4.62277568551655,0.8423209670607797,9.0,6.0,3.15,3.7,5,A,SL
1.1639922577926112,0.8111326253602602,0.5172251906482791,2.9898590721876688,0.5999999999999996,2.3910160352655265,5.380875107453195,1.3518877089337678,9.0,7.0,3.75,4.35,5,A,SL
0.9733231406047623,0.6777530769094348,0.49421125014332035,2.5780412450688144,0.4499999999999993,2.659289013719517,5.237330258788331,1.5061179486876353,9.0,8.0,4.4,4.85,5,A,SL
0.9978779750642037,0.6585766636425983,0.5164891779709511,2.5211921132582087,0.6999999999999993,2.7050244001239734,5.226216513382182,0.9408238052037128,9.0,9.0,4.9,5.6,5,A,SL
1.076593993103485,0.7263508481077399,0.5207170367122861,2.905133328900311,0.6499999999999995,2.7213799760651853,5.6265133049654965,1.1174628432426776,9.0,10.0,5.65,6.3,5,A,SL
0.952344183254138,0.5685267888551937,0.5393688812521775,2.3236110313361755,0.5,3.034766186649732,5.3583772179859075,1.1370535777103874,9.0,11.0,6.35,6.85,5,A,SL
0.6278068960648748,0.24999368478381306,0.48893959002241605,0.7441034090209881,0.04999999999999982,2.619922760147484,3.364026169168472,4.999873695676279,9.0,12.0,6.9,6.95,5,A,SL
1.7224700659477166,0.6559431780968126,0.8938799181242973,2.787398940793155,0.4500000000000002,3.0070354366643075,5.7944343774574625,1.4576515068818052,9.0,13.0,7.0,7.45,5,A,SL
0.9490975225153165,0.6007054358928279,0.5205084492584712,2.4834312598821002,0.40000000000000036,3.016052052140359,5.499483312022459,1.5017635897320685,9.0,14.0,7.5,7.9,5,A,SL
1.2036851208381438,0.9121654454424869,0.48346436919326646,3.9608420046432737,0.6499999999999995,2.658804230335834,6.619646234979108,1.403331454526904,9.0,15.0,7.95,8.6,5,A,SL
0.9902733978432686,0.6338638879937027,0.5253775654766414,3.077445946383222,0.40000000000000036,3.4778136232499386,6.555259569633161,1.5846597199842554,9.0,16.0,8.65,9.05,5,A,SL
0.8831930314387108,0.5114295478067292,0.5295958865777706,2.3179210676446416,0.34999999999999964,3.4716385035272883,5.78955957117193,1.4612272794477994,9.0,17.0,9.1,9.45,5,A,SL
0.920399674843734,0.552983128442999,0.5294426642905266,2.2634689023650862,0.4499999999999993,3.0652398444299847,5.328708746795071,1.2288513965399999,9.0,18.0,9.5,9.95,5,A,SL
1.1155632482998237,0.8355644945024285,0.4837412794813621,3.366795251660218,0.75,2.577716387158173,5.944511638818391,1.1140859926699047,9.0,19.0,10.0,10.75,5,A,SL
0.8919625466556255,0.5459165459612636,0.5167233359337859,2.230613855477002,0.3999999999999986,3.0716678845074563,5.302281739984458,1.3647913649031638,9.0,20.0,10.8,11.2,5,A,SL
0.9920053778360882,0.6578787325761729,0.5138080724902828,2.5355368402448355,0.5999999999999996,2.7243551606218372,5.259892000866673,1.0964645542936222,9.0,21.0,11.25,11.85,5,A,SL
1.0070699541119537,0.6252920905543113,0.5388882750911602,2.462585068433799,0.5,2.8344941275128326,5.2970791959466315,1.2505841811086227,9.0,22.0,11.9,12.4,5,A,SL
1.0471574291976022,0.6492092718017393,0.5470965471922846,2.648862094777091,0.5,2.8980137383064855,5.546875833083576,1.2984185436034785,9.0,23.0,12.45,12.95,5,A,SL
0.943475823416044,0.5814732893888023,0.5274728794856567,2.3075166761790884,0.5500000000000007,2.925826567825995,5.233343244005083,1.0572241625250938,9.0,24.0,13.0,13.55,5,A,SL
1.1054570286638596,0.7536319376576096,0.5202878371356908,3.0623912350838585,0.5999999999999996,2.7228448374120844,5.785236072495943,1.25605322942935,9.0,25.0,13.6,14.2,5,A,SL
1.0016485629100491,0.6721188826772921,0.5114672734534944,2.8358144778266348,0.5500000000000007,2.9589589202843025,5.794773398110937,1.2220343321405296,9.0,26.0,14.25,14.8,5,A,SL
0.971296161165442,0.6595035642087337,0.5022649975255093,2.717929309945699,0.5,2.910511846463077,5.628441156408776,1.3190071284174674,9.0,27.0,14.85,15.35,5,A,SL
1.236640573494838,0.8942441361579617,0.5056828180557457,4.114152714309569,0.5999999999999996,2.84620598523373,6.960358699543299,1.4904068935966037,9.0,28.0,15.4,16.0,5,A,SL
0.8285369000337701,0.4591929445313313,0.5234640888155432,2.1234161955569166,0.3000000000000007,3.6434978244857725,5.766914020042689,1.5306431484377674,9.0,29.0,16.05,16.35,5,A,SL
1.041812558824062,0.6162459523440135,0.5625451332915323,2.7638940356533124,0.45000000000000284,3.244149416085721,6.0080434517390335,1.3694354496533545,9.0,30.0,16.4,16.85,5,A,SL
1.001281028323103,0.642857061093151,0.5264616168226192,2.8527356560240635,0.5,3.163004269543081,6.015739925567145,1.285714122186302,9.0,31.0,16.9,17.4,5,A,SL
0.9923038159042926,0.6446709065155569,0.5207960049677107,2.8364683634679606,0.5500000000000007,3.132973320160122,5.969441683628083,1.1721289209373746,9.0,32.0,17.45,18.0,5,A,SL
1.1173274207480277,0.8072034574244245,0.4984440885842534,3.69438796032108,0.6499999999999986,2.975432919352851,6.669820879673931,1.2418514729606558,9.0,33.0,18.05,18.7,5,A,SL
,0.48788798909647646,,1.9194137388474717,0.35,3.052151397645112,4.9715651364925835,1.39396568313279,10.0,0.0,0.25,0.6,5,B,SL
1.049028340350283,0.7663496046155612,0.48749011824004546,2.791723847851286,0.4999999999999999,2.4235888762268574,5.215312724078143,1.532699209231123,10.0,1.0,0.65,1.15,5,B,SL
0.8788891445510105,0.6974249453275108,0.4375687467975163,2.3016238857990254,0.40000000000000013,2.282057852832014,4.583681738631039,1.7435623633187762,10.0,2.0,1.2,1.6,5,B,SL
1.1765573736805077,0.8639792679055696,0.49589722891208987,3.1199294757889566,0.5,2.2730350724020827,5.392964548191039,1.7279585358111391,10.0,3.0,1.65,2.15,5,B,SL
0.8458718343613886,0.5499817375407581,0.4880345070699081,1.929804020102388,0.44999999999999973,2.6319527949219035,4.5617568150242915,1.222181638979463,10.0,4.0,2.2,2.65,5,B,SL
0.9511317466216246,0.6466226305834174,0.4982141263459284,2.0661000409372416,0.44999999999999973,2.2727316861999123,4.338831727137154,1.4369391790742618,10.0,5.0,2.7,3.15,5,B,SL
0.5902461886352727,0.13464144013317458,0.5158924319866263,0.32260843837898223,0.09999999999999964,2.2383704516935206,2.560978890072503,1.3464144013317505,10.0,6.0,3.2,3.3,5,B,SL
1.5477377446784495,0.4219937252748436,1.014910691505363,1.3645588352358136,0.3500000000000001,2.5991648562541205,3.963723691489934,1.2056963579281241,10.0,7.0,3.35,3.7,5,B,SL
1.0643856081703926,0.7483359830048135,0.5036174917240097,2.222729868590714,0.5999999999999996,1.9962005833951932,4.218930451985908,1.2472266383413566,10.0,8.0,3.75,4.35,5,B,SL
0.9553963756313579,0.6333070409835458,0.5071563133374701,1.8910936486117431,0.5499999999999998,2.1396572142563595,4.030750862868103,1.151467347242811,10.0,9.0,4.4,4.95,5,B,SL
1.2487407040606051,0.854845239869079,0.531150626037258,2.8924268261781947,0.6500000000000004,2.1409358442126107,5.033362670390805,1.3151465228755055,10.0,10.0,5.0,5.65,5,B,SL
0.9592699025737546,0.6450486316536627,0.5032685102756645,2.2952203856394395,0.5999999999999996,2.533132932804721,4.828353318444161,1.075081052756105,10.0,11.0,5.7,6.3,5,B,SL
0.9514463461019604,0.6168330791566713,0.5134487490282398,2.1148071513014672,0.40000000000000036,2.4791119712215046,4.593919122522972,1.5420826978916768,10.0,12.0,6.35,6.75,5,B,SL
1.1799702177360645,0.8050919042638758,0.5275019561426243,2.997386423773427,0.6000000000000005,2.423301323491876,5.420687747265303,1.3418198404397919,10.0,13.0,6.8,7.4,5,B,SL
0.9510747163333501,0.6542202586238693,0.4944135767874965,2.4754174437884195,0.4500000000000002,2.680061617773595,5.155479061562015,1.4538227969419313,10.0,14.0,7.45,7.9,5,B,SL
0.95494437313533,0.6911217958540617,0.4784402314325311,2.456607125296359,0.4999999999999991,2.4665885953592985,4.923195720655658,1.382243591708126,10.0,15.0,7.95,8.45,5,B,SL
1.1562550972546994,0.7824692318770998,0.5287271241344842,3.089443031857164,0.5,2.6030271149334654,5.69247014679063,1.5649384637541996,10.0,16.0,8.5,9.0,5,B,SL
0.9442748476627465,0.5928860629730587,0.5219288171552225,2.4041921702796047,0.4499999999999993,2.9710642104058493,5.375256380685454,1.3175245843845769,10.0,17.0,9.05,9.5,5,B,SL
0.9194152749455895,0.5633479985635303,0.5234229822718202,2.12856009789694,0.3999999999999986,2.8135327252540105,4.942092823150951,1.408369996408831,10.0,18.0,9.55,9.95,5,B,SL
0.6778169035064102,0.12748186210658496,0.5966885798735466,0.400943705980243,0.1999999999999993,2.9488903482491873,3.3498340542294303,0.6374093105329272,10.0,19.0,10.0,10.2,5,B,SL
1.6829562822856152,0.7044670353051534,0.8320064410892546,2.8505407564806946,0.3000000000000007,2.787083509699017,5.637624266179712,2.3482234510171724,10.0,20.0,10.25,10.55,5,B,SL
0.8991447000252999,0.6812427772772612,0.45495622288784576,2.5041677374675233,0.5500000000000007,2.564872242201985,5.069039979669508,1.2386232314132006,10.0,21.0,10.6,11.15,5,B,SL
0.985784779417604,0.6844214323422191,0.4972120633844524,2.4765946305477637,0.5,2.520387827669759,4.996982458217523,1.3688428646844382,10.0,22.0,11.2,11.7,5,B,SL
1.1907774147512187,0.8453097706013427,0.5113487751434833,3.3950929937304486,0.6500000000000004,2.5552008594230027,5.950293853153451,1.3004765701559111,10.0,23.0,11.75,12.4,5,B,SL
0.9141569554079577,0.5920387799844955,0.5057100596270575,2.430379053304698,0.40000000000000036,3.0091234592767453,5.439502512581443,1.4800969499612375,10.0,24.0,12.45,12.85,5,B,SL
0.8792852303647923,0.5422178378733405,0.5112667661950824,2.0018373605275017,0.4499999999999993,2.7810368593175396,4.782874219845041,1.2049285286074254,10.0,25.0,12.9,13.35,5,B,SL
1.1129903107431138,0.8172980197786822,0.49152245534903516,2.9724025840267267,0.5499999999999989,2.3508900801638357,5.3232926641905625,1.4859963995976069,10.0,26.0,13.4,13.95,5,B,SL
1.0160513227869212,0.5913469678215275,0.5624668357057682,2.4145629726697417,0.5,2.994175580362994,5.408738553032736,1.182693935643055,10.0,27.0,14.0,14.5,5,B,SL
0.8778952529774487,0.537427966148579,0.5129094498214186,1.9741127848396376,0.4499999999999993,2.774193115463916,4.748305900303554,1.1942843692190663,10.0,28.0,14.55,15.0,5,B,SL
1.0252061063689812,0.7109919876583172,0.5035368831921876,2.477045050417141,0.5999999999999996,2.3909471534819255,4.867992203899067,1.184986646097196,10.0,29.0,15.05,15.65,5,B,SL
0.9501873310530016,0.6273373024492435,0.5074112675117924,2.1554304253917236,0.4499999999999993,2.4700740944179493,4.625504519809673,1.3940828943316543,10.0,30.0,15.7,16.15,5,B,SL
1.366832325898849,1.0050787492036508,0.5002822411925973,4.008231333450221,0.75,2.314057767816872,6.322289101267093,1.340104998938201,10.0,31.0,16.2,16.95,5,B,SL
0.8888040554830351,0.6120523268910865,0.4819423370890053,2.572297407925376,0.3999999999999986,3.04697878521701,5.619276193142386,1.5301308172277217,10.0,32.0,17.0,17.4,5,B,SL
0.9598516729875822,0.6526489296223063,0.4997609257623666,2.585376982567745,0.4499999999999993,2.8082946723992657,5.393671654967011,1.4503309547162384,10.0,33.0,17.45,17.9,5,B,SL
0.9964417108432024,0.672917395595556,0.5084023941353436,2.6323238290366473,0.5,2.7421555825651693,5.374479411601817,1.345834791191112,10.0,34.0,17.95,18.45,5,B,SL
,0.8552194446639898,,2.5793580733891313,0.55,1.9079638475008245,4.487321920889956,1.5549444448436176,11.0,0.0,0.2,0.75,6,A,SL
0.9940597714952422,0.7291726049906713,0.47944286514059886,2.309251724745765,0.55,2.1514144785596963,4.460666203305461,1.3257683727103113,11.0,1.0,0.8,1.35,6,A,SL
1.0026148643376842,0.6499221669753321,0.5234515958807933,2.137387397471035,0.55,2.3349428428117625,4.472330240282798,1.1816766672278765,11.0,2.0,1.4,1.95,6,A,SL
1.3845157442509683,0.8590764234749011,0.5864159152847174,3.5693659998502936,0.6000000000000001,2.6226456313109567,6.19201163116125,1.431794039124835,11.0,3.0,2.0,2.6,6,A,SL
0.9923637061485413,0.583105530155735,0.5538999912245466,2.714972422651546,0.3500000000000001,3.429755188162507,6.144727610814053,1.6660158004449566,11.0,4.0,2.65,3.0,6,A,SL
0.9945712245776623,0.695404202977433,0.4961644931854048,3.0625736038015883,0.5,3.0487956607819178,6.111369264583506,1.390808405954866,11.0,5.0,3.05,3.55,6,A,SL
1.0732561829354836,0.7907723327348367,0.48671568097709245,3.584565596101895,0.6499999999999999,2.974499253314234,6.559064849416129,1.2165728195920567,11.0,6.0,3.6,4.25,6,A,SL
0.8433838989277536,0.4340547583358531,0.5464088429361635,1.9478786509078252,0.35000000000000053,3.583931035112729,5.531809686020554,1.2401564523881499,11.0,7.0,4.3,4.65,6,A,SL
1.361568737222821,0.8532255669475199,0.5800806991248131,4.323043098659761,0.8499999999999996,3.2088960300922156,7.531939128751977,1.0037947846441415,11.0,8.0,4.7,5.55,6,A,SL
1.037525741439453,0.5546527476433685,0.5958216129777159,3.326888608492248,0.4500000000000002,4.487692120542975,7.814580729035223,1.2325616614297072,11.0,9.0,5.6,6.05,6,A,SL
0.8470873785845553,0.48614730829530917,0.5209512896733169,2.548616795448681,0.40000000000000036,4.071015909047149,6.61963270449583,1.2153682707382718,11.0,10.0,6.1,6.5,6,A,SL
0.8483966579969162,0.5055571822191662,0.5117269086921322,2.2286300831123604,0.40000000000000036,3.3874441805489894,5.61607426366135,1.2638929555479146,11.0,11.0,6.55,6.95,6,A,SL
0.94815029013359,0.5857609259233785,0.527818301039898,2.3606156661426674,0.5,2.96426677635963,5.324882442502298,1.171521851846757,11.0,12.0,7.0,7.5,6,A,SL
1.0966918469099827,0.7325925048738104,0.5271372814151545,3.0328111058504357,0.6000000000000005,2.8069440545959488,5.839755160446384,1.2209875081230164,11.0,13.0,7.55,8.15,6,A,SL
1.0577763817920245,0.6944369881347779,0.5282064666422182,3.0925586448132347,0.6500000000000004,3.0845964393550447,6.177155084168279,1.068364597130427,11.0,14.0,8.2,8.85,6,A,SL
0.9841467146815326,0.5871344351276414,0.5471048965814647,2.6996750886709826,0.4499999999999993,3.3795517934915553,6.079226882162538,1.3047431891725385,11.0,15.0,8.9,9.35,6,A,SL
0.9595012907915385,0.5764234333639788,0.5391480601579497,2.5554226596715828,0.4499999999999993,3.2776033807779927,5.8330260404495755,1.280940963031066,11.0,16.0,9.4,9.85,6,A,SL
1.058909611712013,0.6172422272143316,0.571207626272316,2.8447783810487106,0.4499999999999993,3.3318689585498085,6.176647339598519,1.371649393809628,11.0,17.0,9.9,10.35,6,A,SL
0.8926230012182819,0.5324040027385876,0.5241407829095167,2.275984713406194,0.40000000000000036,3.2374327723331513,5.513417485739345,1.3310100068464679,11.0,18.0,10.4,10.8,6,A,SL
0.9456707986705136,0.647560712848221,0.494889152273898,2.4853474114934713,0.45000000000000107,2.7285305056496307,5.213877917143102,1.4390238063293768,11.0,19.0,10.85,11.3,6,A,SL
0.9751927185514077,0.5916773473702187,0.5396699581785315,2.270762502721346,0.45000000000000107,2.8137732774925865,5.084535780213932,1.314838549711594,11.0,20.0,11.35,11.8,6,A,SL
0.9613803225946816,0.4386580468354116,0.6199953890318902,1.7357839095259693,0.40000000000000036,3.1523887391003025,4.888172648626272,1.096645117088528,11.0,21.0,11.85,12.25,6,A,SL
1.0444491508461005,0.5932987275708345,0.5770599551237974,2.2846790827931938,0.34999999999999964,2.8207686892536503,5.105447772046844,1.6951392216309573,11.0,22.0,12.3,12.65,6,A,SL
1.0142250907571007,0.6072986793924399,0.5525707409527475,2.3569521716643687,0.5,2.8211210582954784,5.178073229959847,1.2145973587848797,11.0,23.0,12.7,13.2,6,A,SL
1.046722298517392,0.5833348100125361,0.5841069678946631,2.3954560592665772,0.5500000000000007,3.024548653888371,5.420004713154948,1.060608745477337,11.0,24.0,13.25,13.8,6,A,SL
0.9624001470645981,0.541125594946512,0.5602060836359656,2.1798937193861283,0.45000000000000107,3.0363196136450084,5.216213333031137,1.2025013221033571,11.0,25.0,13.85,14.3,6,A,SL
0.8904320089095913,0.4930007951692708,0.543867664271748,1.807753555253115,0.45000000000000107,2.836929761778794,4.644683317031909,1.095557322598377,11.0,26.0,14.35,14.8,6,A,SL
,0.7365622009984822,,1.9595976590697894,0.55,1.7998725078482383,3.7594701669180277,1.339204001815422,12.0,0.0,0.2,0.75,6,B,SL
1.161306983193076,0.8456759501261454,0.49851087736904676,2.4917621865948822,0.6499999999999999,1.8741367713530626,4.365898957947945,1.301039923270993,12.0,1.0,0.8,1.45,6,B,SL
1.242425941874378,0.8561415472032592,0.527780039401924,3.120071800906256,0.6000000000000001,2.304234324050585,5.424306124956841,1.4269025786720984,12.0,2.0,1.5,2.1,6,B,SL
1.148279884138265,0.6887475347342892,0.5766715194068132,3.100578753889377,0.4500000000000002,3.1280428548065444,6.228621608695922,1.5305500771873086,12.0,3.0,2.15,2.6,6,B,SL
0.8477064007313178,0.4719166375772708,0.5288039259180806,1.9863228456883357,0.3500000000000001,3.2937195597365942,5.28004240542493,1.3483332502207734,12.0,4.0,2.65,3.0,6,B,SL
1.06068734173017,0.6785160545142876,0.5381602391182388,2.75896525977482,0.5500000000000003,2.841508883457921,5.600474143232741,1.2336655536623407,12.0,5.0,3.05,3.6,6,B,SL
1.103439322613052,0.7523428763223784,0.5200080860538723,3.2674915547039913,0.6000000000000001,2.912291840216658,6.1797833949206495,1.2539047938706305,12.0,6.0,3.65,4.25,6,B,SL
0.8544544823238002,0.48681007914759367,0.5251338349351334,2.0351302683370007,0.35000000000000053,3.245213353243139,5.28034362158014,1.390885940421694,12.0,7.0,4.3,4.65,6,B,SL
1.0061367358782733,0.5511895705178844,0.5798002752740578,2.2512030103985228,0.4500000000000002,3.06154468533378,5.312747695732303,1.2248657122619648,12.0,8.0,4.7,5.15,6,B,SL
1.1484008788049542,0.8590830680676529,0.4864055035352212,3.5170144045497156,0.5999999999999996,2.584149718098257,6.1011641226479725,1.431805113446089,12.0,9.0,5.2,5.8,6,B,SL
0.8088935087193795,0.5541407790070894,0.4647624877950658,2.0995998383536425,0.35000000000000053,2.8355922160878717,4.935192054441514,1.5832593685916816,12.0,10.0,5.85,6.2,6,B,SL
1.049705774902653,0.7082919402893763,0.5169640049771085,2.629182950005657,0.5999999999999996,2.551316649795289,5.180499599800946,1.180486567148961,12.0,11.0,6.25,6.85,6,B,SL
0.9299293630474187,0.5504170834613552,0.5362988416468727,2.0392027585849655,0.4499999999999993,2.778295934525335,4.8174986931103,1.2231490743585691,12.0,12.0,6.9,7.35,6,B,SL
1.199139947221408,0.8095966374237882,0.5336622940413908,3.205937724488842,0.5999999999999996,2.5709174041066447,5.7768551285954866,1.3493277290396477,12.0,13.0,7.4,8.0,6,B,SL
0.9142109106503987,0.5905731293749705,0.5064816890418641,2.3553926449275098,0.4499999999999993,2.925871342881197,5.281263987808707,1.312384731944381,12.0,14.0,8.05,8.5,6,B,SL
1.1309159316817174,0.7016792967482448,0.5606539361894965,3.011704140408997,0.5,2.9609614428207887,5.9726655832297855,1.4033585934964896,12.0,15.0,8.55,9.05,6,B,SL
0.9408201500099181,0.4681516430183849,0.589102594002521,2.1006913417830755,0.40000000000000036,3.5185127881902463,5.619204129973322,1.1703791075459613,12.0,16.0,9.1,9.5,6,B,SL
0.9946410349316814,0.6617665888972933,0.5131741772027619,2.7054605553956206,0.5499999999999989,2.883630455933421,5.5890910113290415,1.203211979813263,12.0,17.0,9.55,10.1,6,B,SL
1.0957042981165652,0.7088864461369678,0.5392968621656615,3.109811798909834,0.5499999999999989,3.014179244768056,6.12399104367789,1.2888844475217622,12.0,18.0,10.15,10.7,6,B,SL
0.9554094480860141,0.5446959375196476,0.5541547902636444,2.4572799307382285,0.40000000000000036,3.393638972385758,5.850918903123986,1.361739843799118,12.0,19.0,10.75,11.15,6,B,SL
0.8969852589061713,0.5121195662194605,0.5374952173087059,2.1033470798674383,0.45000000000000107,3.1448409272902422,5.2481880071576805,1.1380434804876873,12.0,20.0,11.2,11.65,6,B,SL
1.0240965792371233,0.6952928169996964,0.5109507979795189,2.6930855351197174,0.5,2.681565850203758,5.374651385323475,1.3905856339993927,12.0,21.0,11.7,12.2,6,B,SL
1.1329648583655765,0.7862812279319077,0.5161059202239822,3.3154017464318875,0.5999999999999996,2.7738893991054727,6.08929114553736,1.310468713219847,12.0,22.0,12.25,12.85,6,B,SL
0.8696315887511782,0.5708681427705548,0.4913720194489183,2.303332646067027,0.4499999999999993,2.9921072871951098,5.295439933262137,1.268595872823457,12.0,23.0,12.9,13.35,6,B,SL
0.8787448230808264,0.5107551830606264,0.5272840347997017,1.8611394932396572,0.4499999999999993,2.7922009340499225,4.65334042728958,1.1350115179125049,12.0,24.0,13.4,13.85,6,B,SL
0.7916211111159945,0.34735715406668577,0.5593222194153066,1.0809658239653754,0.4499999999999993,2.602716695486579,3.6836825194519545,0.7719047868148585,12.0,25.0,13.9,14.35,6,B,SL
1.2527219851907818,0.6060917007324742,0.683333037274736,2.097448114207477,0.5,2.517181964372956,4.614630078580433,1.2121834014649484,12.0,26.0,14.4,14.9,6,B,SL
,0.7344247859757369,,2.6931246425369224,0.45000000000000007,2.4837844832927365,5.176909125829659,1.6320550799460818,13.0,0.0,0.35,0.8,7,A,SL
1.0278762886125157,0.6289516433362878,0.5480126954836023,2.4842102144224825,0.35,2.8370119243195706,5.321222138742053,1.7970046952465368,13.0,1.0,0.85,1.2,7,A,SL
1.1928939839648502,0.9394840702115888,0.46621806851871644,3.866803968962617,0.6499999999999999,2.4808499076833535,6.34765387664597,1.445360108017829,13.0,2.0,1.25,1.9,7,A,SL
0.7871580604688581,0.4361686538167654,0.5089045190845366,1.7662571706586574,0.30000000000000004,3.2303497434096116,4.996606914068269,1.453895512722551,13.0,3.0,1.95,2.25,7,A,SL
1.0274489793497612,0.7471024076661686,0.4867408677235448,2.7017058890443515,0.5,2.432052785027053,5.133758674071404,1.4942048153323373,13.0,4.0,2.3,2.8,7,A,SL
0.9795374305763492,0.6301766553263739,0.5216014524901849,2.350932799669218,0.5499999999999998,2.67777598112973,5.028708780798948,1.1457757369570438,13.0,5.0,2.85,3.4,7,A,SL
1.0298261362512495,0.7952336222292651,0.4649415249992624,2.840640204741067,0.5499999999999998,2.3380555293218444,5.178695734062911,1.4458793131441188,13.0,6.0,3.45,4.0,7,A,SL
0.9464845117567496,0.6389536199033184,0.49959660705779824,2.314296485668771,0.4500000000000002,2.587258817722524,4.901555303391295,1.419896933118485,13.0,7.0,4.05,4.5,7,A,SL
1.0843639565960974,0.6712640093994393,0.5541774096812946,2.5987386808169695,0.4500000000000002,2.7163312214429998,5.315069902259969,1.49169779866542,13.0,8.0,4.55,5.0,7,A,SL
,0.6407280981649025,,2.5908476875999265,0.4,2.8855738321979505,5.476421519797877,1.601820245412256,14.0,0.0,0.35,0.75,7,B,SL
1.035496454118826,0.7559063862011423,0.48625339178942517,3.0078865261404175,0.44999999999999996,2.6629285388703163,5.670815065010734,1.6797919693358718,14.0,1.0,0.8,1.25,7,B,SL
1.1210706471377152,0.7940630752693847,0.5067290118718614,3.4838178003289335,0.55,2.8735665144009546,6.357384314729888,1.4437510459443357,14.0,2.0,1.3,1.85,7,B,SL
0.9037341125701581,0.5354874868884477,0.5290313574676179,2.382129417974963,0.3500000000000001,3.3632556539648943,5.745385071939857,1.5299642482527074,14.0,3.0,1.9,2.25,7,B,SL
1.432719571965216,1.0073566142295918,0.5232048664780171,5.2255122116159285,0.8000000000000003,3.006013429429086,8.231525641045014,1.2591957677869892,14.0,4.0,2.3,3.1,7,B,SL
0.8028108773999585,0.39808957564990227,0.5391692831414715,2.170172543184722,0.25,4.438185779042882,6.608358322227604,1.592358302599609,14.0,5.0,3.15,3.4,7,B,SL
0.8686756486605166,0.5168686424648815,0.5180652328512223,2.3169592591730295,0.3999999999999999,3.423560692969156,5.7405199521421855,1.292171606162204,14.0,6.0,3.45,3.85,7,B,SL
0.9885335354871765,0.7157176977279271,0.4832358660385898,2.9006713532405586,0.5500000000000003,2.7740251305852333,5.674696483825792,1.3013049049598668,14.0,7.0,3.9,4.45,7,B,SL
0.9133487724989386,0.5740481387716884,0.5144352391871947,2.2637132248346763,0.4500000000000002,2.919263842971654,5.1829770678063305,1.2756625306037515,14.0,8.0,4.5,4.95,7,B,SL
