dataset,lineage_ID,slope,intercept,std_err,variable,kind
Trace,5.0,0.36679991650765553,-1.2955676470017252,0.06746235664825274,$r$,dfa (short)
Shuffled,5.0,0.44804435164472717,-1.3600108976649898,0.028373019357947827,$r$,dfa (short)
Trace,6.0,0.8731160149483698,-2.6374665080386595,0.030627712966789337,$r$,dfa (short)
Shuffled,6.0,0.5528357048009039,-1.6779962291824821,0.03035524838465281,$r$,dfa (short)
Trace,19.0,0.4084585987423339,-1.3531950594499902,0.003921278480781378,$r$,dfa (short)
Shuffled,19.0,0.253830751816678,-1.027349419621066,0.058190175562600706,$r$,dfa (short)
Trace,20.0,0.32459219960177077,-1.222301263802425,0.033032691759201205,$r$,dfa (short)
Shuffled,20.0,0.33681975249365925,-1.2889778387655517,0.0031481072866666967,$r$,dfa (short)
Trace,23.0,0.3304112904788847,-1.1689628284054718,0.03445492510004264,$r$,dfa (short)
Shuffled,23.0,0.30161091694183484,-1.1630208464281422,0.03835320622812463,$r$,dfa (short)
Trace,24.0,0.4583386185115514,-1.468751262271427,0.05652024908064118,$r$,dfa (short)
Shuffled,24.0,0.4629939613388547,-1.3695606331286823,0.03551721645858217,$r$,dfa (short)
Trace,41.0,0.2808454923618444,-1.2526625954114503,0.025719815520755435,$r$,dfa (short)
Shuffled,41.0,0.4583470882905455,-1.5133679833785905,0.012464167579599969,$r$,dfa (short)
Trace,42.0,0.5058750831231051,-1.6438087225164497,0.019795627646521027,$r$,dfa (short)
Shuffled,42.0,0.8799578336270497,-2.4540280093541624,0.0317669069618343,$r$,dfa (short)
Trace,49.0,0.4503771332513863,-1.3550728921091133,0.0665028064898582,$r$,dfa (short)
Shuffled,49.0,0.28677306637841427,-1.0666019305557344,0.06223269410937941,$r$,dfa (short)
Trace,50.0,0.371836928972213,-1.0847682101174079,0.005050309993466708,$r$,dfa (short)
Shuffled,50.0,0.6426184065524216,-1.7905484275793717,0.16402978977039753,$r$,dfa (short)
Trace,51.0,0.24502111043790817,-1.0447610005481107,0.0929231693380986,$r$,dfa (short)
Shuffled,51.0,0.6764455248739181,-1.881044683805148,0.009752428105197625,$r$,dfa (short)
Trace,52.0,0.3143886396771814,-1.0968534154123977,0.016645779823684426,$r$,dfa (short)
Shuffled,52.0,0.5502620872396113,-1.6370285534994442,0.003874909324299273,$r$,dfa (short)
Trace,55.0,0.29239246524054807,-1.2570936110719606,0.006017820894801699,$r$,dfa (short)
Shuffled,55.0,0.5220171220032421,-1.4977837891084014,0.008111028615394774,$r$,dfa (short)
Trace,56.0,1.0078101780347641,-2.744421734563807,0.05164845401088648,$r$,dfa (short)
Shuffled,56.0,0.5535434652538535,-1.7724184541778798,0.020850232910634595,$r$,dfa (short)
Trace,59.0,0.2898223705693838,-1.0572193094780304,0.07662778052514682,$r$,dfa (short)
Shuffled,59.0,0.4613148795893291,-1.4215869460087243,0.028025251862245467,$r$,dfa (short)
Trace,60.0,0.42721056133204915,-1.3548876019984615,0.005290866937241659,$r$,dfa (short)
Shuffled,60.0,0.45809884864359945,-1.427742575677311,0.04409449439265152,$r$,dfa (short)
Trace,67.0,0.9147341809405328,-2.518252688718291,0.051567000995798994,$r$,dfa (short)
Shuffled,67.0,0.6843749032547525,-2.06633088686792,0.15917723900454192,$r$,dfa (short)
Trace,68.0,0.08997198051511014,-0.8864600014849637,0.0135139668466093,$r$,dfa (short)
Shuffled,68.0,0.6706768441610076,-2.1427684830811216,0.001684463611348111,$r$,dfa (short)
Trace,69.0,0.2555074184000347,-0.9779772577165491,0.036534938091132556,$r$,dfa (short)
Shuffled,69.0,0.31545758036006205,-0.9937256844174028,0.04398562809094193,$r$,dfa (short)
Trace,70.0,0.28653641106714595,-1.1644940386434584,0.029386356631156723,$r$,dfa (short)
Shuffled,70.0,0.49134669486666377,-1.4639600248481617,0.05717599950792527,$r$,dfa (short)
Trace,79.0,0.39775592865538106,-1.4242434788584597,0.0647228950112409,$r$,dfa (short)
Shuffled,79.0,0.6820992182553938,-1.8355582804658717,0.08368799202909397,$r$,dfa (short)
Trace,80.0,0.22488432461251698,-0.9993085937665788,0.0034520246373757175,$r$,dfa (short)
Shuffled,80.0,0.5244618796682632,-1.5703588919852496,0.032510816071883074,$r$,dfa (short)
Trace,81.0,0.7413171302994134,-2.1156257718631712,0.04494820482076818,$r$,dfa (short)
Shuffled,81.0,0.3094402917002602,-1.3485720636615628,0.0668729301996338,$r$,dfa (short)
Trace,82.0,0.08765341900674736,-0.6313988286582266,0.033864171562570405,$r$,dfa (short)
Shuffled,82.0,0.7515814521209991,-2.068839034294232,0.05724836654029389,$r$,dfa (short)
Trace,102.0,0.6295872491713204,-1.9391402181830903,0.1653368172768106,$r$,dfa (short)
Shuffled,102.0,0.37028190468038835,-1.3809524532466968,0.11938214300049443,$r$,dfa (short)
Trace,111.0,0.2450021733855189,-0.9233580314515526,0.036578973169116256,$r$,dfa (short)
Shuffled,111.0,0.713729236747806,-1.9254436553336793,0.025977228353860123,$r$,dfa (short)
Trace,112.0,0.2921412973386366,-1.196792932684411,0.03860794457597378,$r$,dfa (short)
Shuffled,112.0,0.3194320843485416,-1.1309325535840322,0.01291015098741145,$r$,dfa (short)
Trace,119.0,0.34083650040842967,-1.191572435052983,0.04587933695825868,$r$,dfa (short)
Shuffled,119.0,0.6715698734098019,-1.8571174102005656,0.05719391610413213,$r$,dfa (short)
Trace,120.0,0.4202463347846259,-1.4722264212226275,0.03042148685952674,$r$,dfa (short)
Shuffled,120.0,0.7057509123928427,-1.8991291384716817,0.018158087521276164,$r$,dfa (short)
Trace,127.0,0.29423276137828575,-1.1821333010434487,0.06750201192862916,$r$,dfa (short)
Shuffled,127.0,0.7495263231542505,-2.0693576010398003,0.056744199771580274,$r$,dfa (short)
Trace,128.0,0.3477077134336858,-1.2138395734274436,0.09424817516310162,$r$,dfa (short)
Shuffled,128.0,0.23882364682436885,-1.0527994444756996,0.0376182445836607,$r$,dfa (short)
Trace,129.0,0.28297436906636664,-1.1185964274010352,0.01703852771756108,$r$,dfa (short)
Shuffled,129.0,0.297527851696041,-1.0390019520417404,0.04137841528529115,$r$,dfa (short)
Trace,130.0,0.3253566996524791,-1.1680556096010597,0.043959029137217775,$r$,dfa (short)
Shuffled,130.0,0.6304244269848511,-1.7443895677828871,0.019074996409413732,$r$,dfa (short)
Trace,137.0,0.6298752015653574,-1.9152355396160794,0.1853787410349111,$r$,dfa (short)
Shuffled,137.0,0.43997876512288736,-1.3992325182527616,0.05401105370173004,$r$,dfa (short)
Trace,138.0,0.43140814018202805,-1.3643576304911533,0.06739120874051893,$r$,dfa (short)
Shuffled,138.0,0.8204542898973988,-2.0674357369497196,0.10542179592533744,$r$,dfa (short)
Trace,143.0,0.20828073940345682,-1.0114022875826607,0.038952622778304434,$r$,dfa (short)
Shuffled,143.0,0.2602532883922531,-1.0248533762067036,0.030399826337435695,$r$,dfa (short)
Trace,144.0,0.2929340685173202,-1.2122095201320358,0.0614358120477716,$r$,dfa (short)
Shuffled,144.0,0.6955047441670348,-1.8394957788057869,0.041974974330860795,$r$,dfa (short)
Trace,163.0,0.3898302565286198,-1.268098641504731,0.06117251289956353,$r$,dfa (short)
Shuffled,163.0,0.45199992178330495,-1.465993081846742,0.0823165581401939,$r$,dfa (short)
Trace,164.0,0.2634917473283347,-1.1674064941121696,0.020625822701409374,$r$,dfa (short)
Shuffled,164.0,0.7567862325387085,-2.096958408396688,0.09060781790821976,$r$,dfa (short)
Trace,167.0,0.22711656079851605,-1.0574424338701767,0.051639977903452955,$r$,dfa (short)
Shuffled,167.0,0.484895484018323,-1.4307578071969953,0.013167395958054643,$r$,dfa (short)
Trace,168.0,0.5181091453088579,-1.7164466435815602,0.025202454394920203,$r$,dfa (short)
Shuffled,168.0,0.7731134266748358,-2.2618520901862786,0.05794519774866716,$r$,dfa (short)
Trace,5.0,0.2593752558880722,-0.9615887119268225,0.009372102688771195,$\phi$,dfa (short)
Shuffled,5.0,0.6059356618847692,-1.6938018159153072,0.06272113582835204,$\phi$,dfa (short)
Trace,6.0,1.3310996512194222,-3.5422022080499596,0.30286505987557905,$\phi$,dfa (short)
Shuffled,6.0,0.8108040847958562,-2.128106457998785,0.050981642639355146,$\phi$,dfa (short)
Trace,19.0,0.5909823323813498,-1.8042621235320413,0.02970645035662375,$\phi$,dfa (short)
Shuffled,19.0,0.4230519054097815,-1.3623140658534014,0.0333002960486259,$\phi$,dfa (short)
Trace,20.0,0.35528639060109096,-1.299676609716788,0.05450355937206987,$\phi$,dfa (short)
Shuffled,20.0,0.22006018638673167,-1.0845623086487095,0.041488753208243516,$\phi$,dfa (short)
Trace,23.0,0.5345107341292776,-1.4720281963153419,0.013447782446157835,$\phi$,dfa (short)
Shuffled,23.0,0.3739257439088949,-1.353835139786306,0.014108226991614129,$\phi$,dfa (short)
Trace,24.0,0.5022525844753856,-1.4618691348863906,0.05063955291763116,$\phi$,dfa (short)
Shuffled,24.0,0.5157263602356186,-1.4708326792199895,0.060772250898267766,$\phi$,dfa (short)
Trace,41.0,0.3794020616242689,-1.33555904343322,0.02160738206487918,$\phi$,dfa (short)
Shuffled,41.0,0.49094572875431847,-1.5517607528751047,0.03089968843364557,$\phi$,dfa (short)
Trace,42.0,0.4661203271681632,-1.6297812790731592,0.04200865984182187,$\phi$,dfa (short)
Shuffled,42.0,0.9111380848685252,-2.2786540821656738,0.05038013232048861,$\phi$,dfa (short)
Trace,45.0,0.6529100860638043,-1.9088634270125246,0.15913253867034513,$\phi$,dfa (short)
Shuffled,45.0,1.1137521172445968,-2.9612980879983968,0.031451635295041164,$\phi$,dfa (short)
Trace,49.0,0.4766029956020244,-1.5081169684834488,0.06198165664952035,$\phi$,dfa (short)
Shuffled,49.0,0.45151332805507455,-1.3582222370645,0.0021364931207924734,$\phi$,dfa (short)
Trace,50.0,0.7579121334365109,-2.0296694859538835,0.17571255384040668,$\phi$,dfa (short)
Shuffled,50.0,0.5264977728346104,-1.5593627229655207,0.11643144677083994,$\phi$,dfa (short)
Trace,51.0,0.4998010430745281,-1.5191947144530733,0.09893510258665976,$\phi$,dfa (short)
Shuffled,51.0,0.4372961277048575,-1.3798741471389047,0.025772047399558587,$\phi$,dfa (short)
Trace,52.0,0.25091759454095364,-0.8717937097654402,0.07659518447851223,$\phi$,dfa (short)
Shuffled,52.0,0.5416158134680426,-1.5988021337322462,0.008694737310629454,$\phi$,dfa (short)
Trace,55.0,0.487236010997024,-1.6219785921614824,0.05560717414971479,$\phi$,dfa (short)
Shuffled,55.0,0.6169347168016243,-1.745360114367629,0.016718748368602352,$\phi$,dfa (short)
Trace,56.0,0.664132946346632,-1.7201783109776594,0.01884761959862533,$\phi$,dfa (short)
Shuffled,56.0,0.6576120664867234,-1.9132666287307947,0.05060086121133695,$\phi$,dfa (short)
Trace,59.0,0.30309200827770505,-1.0852697504088638,0.0374748318645211,$\phi$,dfa (short)
Shuffled,59.0,0.3052272015830322,-1.009061745793163,0.039682146029181846,$\phi$,dfa (short)
Trace,60.0,0.47845097476661946,-1.514543035223264,0.017793066309791807,$\phi$,dfa (short)
Shuffled,60.0,0.4356647291705405,-1.3733844228479182,0.04958528242502558,$\phi$,dfa (short)
Trace,67.0,0.5933081550564148,-1.5886065425505496,0.004322868705933903,$\phi$,dfa (short)
Shuffled,67.0,0.7124483008450254,-2.085124517885825,0.18394625009841098,$\phi$,dfa (short)
Trace,68.0,0.32227226720580965,-1.384710713216378,0.1252601449172748,$\phi$,dfa (short)
Shuffled,68.0,0.48483411144054134,-1.664010127060679,0.04469105493198925,$\phi$,dfa (short)
Trace,69.0,0.4953711720200539,-1.4447376190603929,0.0514822411451379,$\phi$,dfa (short)
Shuffled,69.0,0.4273641322135915,-1.2882870413429186,0.021768365053692968,$\phi$,dfa (short)
Trace,70.0,0.4583384801295187,-1.4840992220997808,0.01455027752017615,$\phi$,dfa (short)
Shuffled,70.0,0.47032164438733737,-1.3808730177733106,0.022105590459945926,$\phi$,dfa (short)
Trace,79.0,0.421908066167853,-1.449590023421278,0.062142985788010065,$\phi$,dfa (short)
Shuffled,79.0,0.8346164213286791,-2.129306229263775,0.07372896047942454,$\phi$,dfa (short)
Trace,80.0,0.38141908468222163,-1.2365585182999141,0.009485042641885834,$\phi$,dfa (short)
Shuffled,80.0,0.556619939296162,-1.6570274509742648,0.14093246894493436,$\phi$,dfa (short)
Trace,81.0,0.488345964271612,-1.4949579422734034,0.004272166112114244,$\phi$,dfa (short)
Shuffled,81.0,0.3632401345315531,-1.2667218693862958,0.022462426312140377,$\phi$,dfa (short)
Trace,82.0,0.5725016815426777,-1.80245094121176,0.0925314324592419,$\phi$,dfa (short)
Shuffled,82.0,0.722355048900004,-2.019468479292225,0.14141254349361174,$\phi$,dfa (short)
Trace,101.0,0.5026893590142684,-1.467144747991424,0.029199205910326865,$\phi$,dfa (short)
Shuffled,101.0,0.7297869443185608,-2.014186518913066,0.10563306953520286,$\phi$,dfa (short)
Trace,102.0,0.5201728681516432,-1.7632963562469128,0.008583008520172896,$\phi$,dfa (short)
Shuffled,102.0,0.1312741621272368,-0.672598401564384,0.03722221901080837,$\phi$,dfa (short)
Trace,111.0,0.5208280074253595,-1.5496667336670824,0.07224897487627066,$\phi$,dfa (short)
Shuffled,111.0,0.7336775753857949,-1.9478859980419168,0.023245535428256157,$\phi$,dfa (short)
Trace,112.0,0.4338949963426674,-1.4098164615571998,0.015461751836124447,$\phi$,dfa (short)
Shuffled,112.0,0.5533674455436375,-1.6550359541490347,0.01767156886228132,$\phi$,dfa (short)
Trace,115.0,0.6908369449275293,-1.8907595203864482,0.058065059837441174,$\phi$,dfa (short)
Shuffled,115.0,0.9187662956900414,-2.330546461055472,0.056672341538992504,$\phi$,dfa (short)
Trace,119.0,0.314365991716311,-1.133736854638639,0.013962448808853022,$\phi$,dfa (short)
Shuffled,119.0,0.5798552875634081,-1.6195499961827011,0.0657528034184068,$\phi$,dfa (short)
Trace,120.0,0.5529476102096614,-1.6670496381150763,0.04756272276629548,$\phi$,dfa (short)
Shuffled,120.0,0.7143316105324893,-1.9177695624219127,0.04148979624040287,$\phi$,dfa (short)
Trace,127.0,0.39393221315413496,-1.316686586255162,0.00828499012648442,$\phi$,dfa (short)
Shuffled,127.0,0.7027233589935409,-1.9045045978832154,0.059425000632635304,$\phi$,dfa (short)
Trace,128.0,0.4386529476330651,-1.373763153586264,0.04631784118130748,$\phi$,dfa (short)
Shuffled,128.0,0.3440186358994108,-1.1301725557143514,0.02948886966719452,$\phi$,dfa (short)
Trace,129.0,0.31156953846685087,-1.2884608892401066,0.019549620504969244,$\phi$,dfa (short)
Shuffled,129.0,0.4335637104266526,-1.3347467187182236,0.08321911742896859,$\phi$,dfa (short)
Trace,130.0,0.4041153691456472,-1.30144908240934,0.01265458871343456,$\phi$,dfa (short)
Shuffled,130.0,0.6831223785200852,-1.9248757749537495,0.03580830646476493,$\phi$,dfa (short)
Trace,137.0,0.4048055383209558,-1.5311915824871765,0.05950217090636391,$\phi$,dfa (short)
Shuffled,137.0,0.5020220935385636,-1.498746112591476,0.06915186882606861,$\phi$,dfa (short)
Trace,138.0,0.6540045667347505,-1.8896929676823495,0.033759360126702526,$\phi$,dfa (short)
Shuffled,138.0,0.8110593478292691,-2.009983550703403,0.014675910873122415,$\phi$,dfa (short)
Trace,143.0,0.40762823281209837,-1.2773909504876257,0.06293145909267231,$\phi$,dfa (short)
Shuffled,143.0,0.3344148378601806,-1.1750965386088075,0.040699391629139735,$\phi$,dfa (short)
Trace,144.0,0.23417497818630978,-1.0912416029906333,0.07878660309015315,$\phi$,dfa (short)
Shuffled,144.0,0.6948704255308598,-1.8824137067792626,0.028771931905342503,$\phi$,dfa (short)
Trace,163.0,0.16637940380268962,-0.7616772536482115,0.03360048818670742,$\phi$,dfa (short)
Shuffled,163.0,0.4040323518852276,-1.4052602000780565,0.03681268592261861,$\phi$,dfa (short)
Trace,164.0,0.4080976544866268,-1.424413320121976,0.049585394728778764,$\phi$,dfa (short)
Shuffled,164.0,0.7503240100261933,-2.070579753185987,0.09192589909172566,$\phi$,dfa (short)
Trace,167.0,0.29163773960378786,-0.9945823692460125,0.036643175833595,$\phi$,dfa (short)
Shuffled,167.0,0.5188018478303726,-1.6280252839974712,0.031060752554503836,$\phi$,dfa (short)
Trace,168.0,0.5798219039708722,-1.8026017089807609,0.08154614403340026,$\phi$,dfa (short)
Shuffled,168.0,0.5968819580151609,-1.6971818815207953,0.021213165678776093,$\phi$,dfa (short)
Trace,5.0,0.5746608200977954,-1.657836219480644,0.011386243181790394,$f$,dfa (short)
Shuffled,5.0,0.3849245378113813,-1.3512459814573838,0.01872017047411048,$f$,dfa (short)
Trace,6.0,0.5116730523731955,-1.448803128598187,0.013155826829089192,$f$,dfa (short)
Shuffled,6.0,0.510671957442969,-1.510976950990656,0.09766546315217746,$f$,dfa (short)
Trace,19.0,0.4378226030364049,-1.3876484054051021,0.05919172484331659,$f$,dfa (short)
Shuffled,19.0,0.6196762518560283,-1.7379652713407496,0.016672147145759562,$f$,dfa (short)
Trace,20.0,0.5004812332215259,-1.6618379630211093,0.0991114187028941,$f$,dfa (short)
Shuffled,20.0,0.38753884591397086,-1.2426074539906438,0.01038532148317307,$f$,dfa (short)
Trace,23.0,0.7861213873147557,-2.101955830706814,0.0250964802378045,$f$,dfa (short)
Shuffled,23.0,0.39954060910842787,-1.3864321589475237,0.017589982568670573,$f$,dfa (short)
Trace,24.0,0.7154004717715646,-2.048349245837668,0.047090711843827425,$f$,dfa (short)
Shuffled,24.0,0.5402120474976271,-1.555440432838472,0.028889075230813258,$f$,dfa (short)
Trace,41.0,0.6415486518007999,-1.8846226167842794,0.03097645525660337,$f$,dfa (short)
Shuffled,41.0,0.29453873362517374,-1.0431345277412456,0.02095464481925223,$f$,dfa (short)
Trace,42.0,0.6928360902056259,-2.0240268853156724,0.014692476121884653,$f$,dfa (short)
Shuffled,42.0,0.5332780825760911,-1.5752887470323778,0.03616019955926744,$f$,dfa (short)
Trace,49.0,0.5027172779197647,-1.5731845340096537,0.08392445150158674,$f$,dfa (short)
Shuffled,49.0,0.23762850512595263,-0.983558986342691,0.09490185182542342,$f$,dfa (short)
Trace,50.0,0.9387691470203856,-2.4892504509445543,0.08564197640586374,$f$,dfa (short)
Shuffled,50.0,0.4233629743338529,-1.2900913017583202,0.036163495054101505,$f$,dfa (short)
Trace,51.0,0.4797016716805101,-1.3682827758938512,0.14370871649084072,$f$,dfa (short)
Shuffled,51.0,0.3901509910490715,-1.3607583075797227,0.05043540473962278,$f$,dfa (short)
Trace,52.0,0.4420848893413497,-1.3744751049377215,0.02419033637819822,$f$,dfa (short)
Shuffled,52.0,0.6182757144960971,-1.7374371936253594,0.09586101333395657,$f$,dfa (short)
Trace,55.0,0.7307763000938415,-2.0279002836566833,0.015382974550151623,$f$,dfa (short)
Shuffled,55.0,0.3699306131904861,-1.3745260657282308,0.0028929546245401758,$f$,dfa (short)
Trace,56.0,0.7762566094714398,-2.0799891650069986,0.016627059785036917,$f$,dfa (short)
Shuffled,56.0,0.4854955174236856,-1.5659604350796323,0.018862704283901723,$f$,dfa (short)
Trace,59.0,0.6777142967922968,-1.7795776358585218,0.07185370174960888,$f$,dfa (short)
Shuffled,59.0,0.28360534710428437,-1.0811625976471666,0.05389866055502518,$f$,dfa (short)
Trace,60.0,0.49714930156576836,-1.5345407229229773,0.10506838616377677,$f$,dfa (short)
Shuffled,60.0,1.009683301054812,-2.5404130172441906,0.03730760091421543,$f$,dfa (short)
Trace,67.0,0.6736507657996379,-1.856060391943913,0.05521885336304819,$f$,dfa (short)
Shuffled,67.0,0.6435174753352219,-1.9333123735362636,0.031519273769557245,$f$,dfa (short)
Trace,68.0,0.6374643831660882,-1.9455732018882383,0.061236998680858606,$f$,dfa (short)
Shuffled,68.0,0.6879737047122285,-2.1570607455613082,0.03531193181292189,$f$,dfa (short)
Trace,69.0,0.6720900337689658,-1.6704807231018861,0.0586475156188236,$f$,dfa (short)
Shuffled,69.0,0.7163737987714197,-1.960211865541359,0.026679840531132915,$f$,dfa (short)
Trace,70.0,0.7724946125035594,-2.237972812846743,0.03193931975724134,$f$,dfa (short)
Shuffled,70.0,0.34539999566158675,-1.1759474092875364,0.023418383692878922,$f$,dfa (short)
Trace,79.0,0.4533397473018641,-1.3558412192513136,0.03320875473517388,$f$,dfa (short)
Shuffled,79.0,0.5318823256669855,-1.515002037912838,0.014957464292600345,$f$,dfa (short)
Trace,80.0,0.6453071295294326,-2.0466913411157996,0.03765822134477969,$f$,dfa (short)
Shuffled,80.0,0.8439034042064044,-2.633376882599671,0.03615914650744122,$f$,dfa (short)
Trace,81.0,0.3502246727678836,-1.4911147064334234,0.021923771961180515,$f$,dfa (short)
Shuffled,81.0,0.48823914522665063,-1.3668005466031037,0.11173555134220853,$f$,dfa (short)
Trace,82.0,0.5341737744249808,-1.6165903430284125,0.00379883297115808,$f$,dfa (short)
Shuffled,82.0,0.6042992208999216,-1.8178552572681324,0.17515835868617433,$f$,dfa (short)
Trace,102.0,0.8464698380263285,-2.161957346558461,0.09733003553302974,$f$,dfa (short)
Shuffled,102.0,0.5319275111621233,-1.5053062813338127,0.06858450966469617,$f$,dfa (short)
Trace,111.0,0.6674757077171923,-1.8481147749295002,0.05868056240312655,$f$,dfa (short)
Shuffled,111.0,0.839881372184821,-2.2286711374195587,0.009393650661128253,$f$,dfa (short)
Trace,112.0,0.6658611429119266,-1.9873931214843352,0.02412262235707791,$f$,dfa (short)
Shuffled,112.0,0.5697190950481201,-1.6082760517527017,0.018015844595590632,$f$,dfa (short)
Trace,119.0,0.8965238154684049,-2.3529130570800323,0.04845165989359959,$f$,dfa (short)
Shuffled,119.0,0.43930130025220815,-1.3267470086559485,0.05618116289576215,$f$,dfa (short)
Trace,120.0,0.8053864392610431,-2.1213891488869963,0.07423318530198594,$f$,dfa (short)
Shuffled,120.0,0.31479661145257126,-1.0348000745346493,0.02837217469835725,$f$,dfa (short)
Trace,127.0,0.7479864637269179,-2.0186905764239604,0.026732679434484718,$f$,dfa (short)
Shuffled,127.0,0.376337571315926,-1.1952194598716628,0.03583075069618399,$f$,dfa (short)
Trace,128.0,0.7601563539368368,-1.9919986060234025,0.11014256254371695,$f$,dfa (short)
Shuffled,128.0,0.6768157940308784,-1.878218266872484,0.04092350622715179,$f$,dfa (short)
Trace,129.0,0.5898897947015401,-1.7490265491592554,0.025652813352711443,$f$,dfa (short)
Shuffled,129.0,0.48666927235702345,-1.6200633311984447,0.01607157279572061,$f$,dfa (short)
Trace,130.0,0.6520649563910815,-1.773807737369385,0.03050791038038484,$f$,dfa (short)
Shuffled,130.0,0.45742348160748514,-1.3954338465064,0.02264836792546489,$f$,dfa (short)
Trace,137.0,0.45479435338273233,-1.4908666318609656,0.22085441619703344,$f$,dfa (short)
Shuffled,137.0,0.7986352555080842,-2.1156916545836184,0.12729899294197738,$f$,dfa (short)
Trace,138.0,0.4070698861391094,-1.2909359041165018,0.061406125268905,$f$,dfa (short)
Shuffled,138.0,0.5967455842704267,-1.753017725370731,0.11286831833041841,$f$,dfa (short)
Trace,143.0,0.5183933857529698,-1.4170402355674543,0.03787534689849761,$f$,dfa (short)
Shuffled,143.0,0.5294531018371477,-1.613605015322493,0.11373907846110894,$f$,dfa (short)
Trace,144.0,0.5326368752205788,-1.6189763179687189,0.05062984146293536,$f$,dfa (short)
Shuffled,144.0,0.561136779243414,-1.7298382876214644,0.050693530932197806,$f$,dfa (short)
Trace,163.0,0.5958444772838386,-1.6088834049899703,0.023618319559483382,$f$,dfa (short)
Shuffled,163.0,0.5755549845817339,-1.7055242676200013,0.014310174202978455,$f$,dfa (short)
Trace,164.0,0.5433921961601715,-1.590641697567853,0.0701980328618061,$f$,dfa (short)
Shuffled,164.0,0.695121871268333,-1.8852193435127573,0.04004193892433553,$f$,dfa (short)
Trace,167.0,0.743743478273341,-1.9585761374344093,0.10426906573349483,$f$,dfa (short)
Shuffled,167.0,0.32560309828428946,-1.1879613174196213,0.043312046324708656,$f$,dfa (short)
Trace,168.0,0.6108106452081825,-1.7595237489073938,0.024860158139359358,$f$,dfa (short)
Shuffled,168.0,0.3865558940878473,-1.3017465379392206,0.029751223020904882,$f$,dfa (short)
Trace,5.0,0.3734943347451237,-1.2363439369405533,0.029165245692571,$\Delta$,dfa (short)
Shuffled,5.0,0.5897091352623633,-1.7331899046340342,0.04272333378020089,$\Delta$,dfa (short)
Trace,6.0,1.7887488570988257,-4.914649410288467,0.3652512496201762,$\Delta$,dfa (short)
Shuffled,6.0,0.585654130814243,-1.7955287723192324,0.03543623926659898,$\Delta$,dfa (short)
Trace,19.0,1.1344038266820509,-2.9840000645539546,0.056354804139499066,$\Delta$,dfa (short)
Shuffled,19.0,0.270901134071124,-1.169044517104256,0.0547412848779906,$\Delta$,dfa (short)
Trace,20.0,0.45361060052944757,-1.5132691540356782,0.007006723010374695,$\Delta$,dfa (short)
Shuffled,20.0,0.2909311474048426,-1.1653194566279006,0.020710850502370613,$\Delta$,dfa (short)
Trace,23.0,0.6748780544502403,-1.8166497988200412,0.04010741567847815,$\Delta$,dfa (short)
Shuffled,23.0,0.3727716785405225,-1.238485276413142,0.03458687047827265,$\Delta$,dfa (short)
Trace,24.0,0.6692229457425412,-1.8700572713942232,0.0341913060235452,$\Delta$,dfa (short)
Shuffled,24.0,0.550821794966312,-1.5595655354990026,0.06681908359492152,$\Delta$,dfa (short)
Trace,41.0,0.4207535897384101,-1.3990402247968297,0.06017624749025764,$\Delta$,dfa (short)
Shuffled,41.0,0.6463306057640658,-1.9329166078630606,0.028944718787508157,$\Delta$,dfa (short)
Trace,42.0,0.8004908741385524,-2.403236891089068,0.025630710784535,$\Delta$,dfa (short)
Shuffled,42.0,0.7875650731417486,-2.1992122418407836,0.03382656480627975,$\Delta$,dfa (short)
Trace,45.0,0.700736546877597,-1.9856509949596663,0.1297010113714986,$\Delta$,dfa (short)
Shuffled,45.0,1.0231972961331255,-2.6987637924374717,0.05038601927637519,$\Delta$,dfa (short)
Trace,49.0,0.6965422452801062,-1.9884886347683974,0.09235029718955022,$\Delta$,dfa (short)
Shuffled,49.0,0.6882519102096971,-1.9347437820506728,0.06663015176472398,$\Delta$,dfa (short)
Trace,50.0,0.7613786360949589,-2.0036207646882254,0.17876736615375458,$\Delta$,dfa (short)
Shuffled,50.0,0.4655791675727619,-1.4940574858434466,0.11537708686530702,$\Delta$,dfa (short)
Trace,51.0,0.7286180266153929,-2.033698988878685,0.060227436716168474,$\Delta$,dfa (short)
Shuffled,51.0,0.32935393217463255,-1.2227106455794932,0.0409615159296883,$\Delta$,dfa (short)
Trace,52.0,0.5605302150288056,-1.5293986011563994,0.061589840532810025,$\Delta$,dfa (short)
Shuffled,52.0,0.6330656240586974,-1.7066462109366285,0.016939500698442432,$\Delta$,dfa (short)
Trace,55.0,0.30616642037420044,-1.2566165326659093,0.026716006533856924,$\Delta$,dfa (short)
Shuffled,55.0,0.843128164652515,-2.2338087173974195,0.1381331165915443,$\Delta$,dfa (short)
Trace,56.0,0.6488731938196904,-1.6691159205821613,0.10246624120919078,$\Delta$,dfa (short)
Shuffled,56.0,0.4645242852568468,-1.502683833524649,0.05841844349695513,$\Delta$,dfa (short)
Trace,59.0,0.5196905700821417,-1.5573953968595735,0.031223709808342846,$\Delta$,dfa (short)
Shuffled,59.0,0.44375662531494803,-1.369864332460592,0.05686298901992156,$\Delta$,dfa (short)
Trace,60.0,0.6007233012039879,-1.7191257152182264,0.03272993528804407,$\Delta$,dfa (short)
Shuffled,60.0,0.49468659353788286,-1.6245064887396319,0.07196756705893459,$\Delta$,dfa (short)
Trace,67.0,0.8719573434542384,-2.2542741370006887,0.04457211233154896,$\Delta$,dfa (short)
Shuffled,67.0,0.4906821721089094,-1.6972093060325304,0.036676602940340246,$\Delta$,dfa (short)
Trace,68.0,0.5305850446837524,-1.913196286660578,0.1760801271648007,$\Delta$,dfa (short)
Shuffled,68.0,0.5942785140462766,-1.9983146244628842,0.051517918695751674,$\Delta$,dfa (short)
Trace,69.0,0.6107672257413826,-1.7449517128244414,0.04631673101779875,$\Delta$,dfa (short)
Shuffled,69.0,0.4275817281931597,-1.3219470986662512,0.058834128278031014,$\Delta$,dfa (short)
Trace,70.0,0.6495577446934254,-1.8791293756971013,0.024716832366700085,$\Delta$,dfa (short)
Shuffled,70.0,0.5071520910565467,-1.5094536540608336,0.040191731470336646,$\Delta$,dfa (short)
Trace,79.0,0.46247297036382307,-1.4587443030971394,0.07521203906142804,$\Delta$,dfa (short)
Shuffled,79.0,0.5513465973074715,-1.5781588231115302,0.053151566851082244,$\Delta$,dfa (short)
Trace,80.0,0.4555156962017935,-1.4117828031175874,0.032162688891744715,$\Delta$,dfa (short)
Shuffled,80.0,0.6846459038483269,-1.8691835148001363,0.11192871306521676,$\Delta$,dfa (short)
Trace,81.0,0.62260183492538,-1.7045959639195605,0.024171776952031064,$\Delta$,dfa (short)
Shuffled,81.0,0.17551499602946052,-1.1089991193196593,0.008342259356823605,$\Delta$,dfa (short)
Trace,82.0,0.8268397578231396,-2.3826380227921953,0.12558612487082074,$\Delta$,dfa (short)
Shuffled,82.0,0.8633230341565816,-2.3249521574156407,0.20187668803225853,$\Delta$,dfa (short)
Trace,101.0,0.596353459165053,-1.6796340993200045,0.07714276659074448,$\Delta$,dfa (short)
Shuffled,101.0,0.683133661869603,-1.922087246303805,0.04676148415326843,$\Delta$,dfa (short)
Trace,102.0,0.592477859988041,-1.9350560523106806,0.07203631129123932,$\Delta$,dfa (short)
Shuffled,102.0,0.1058387200551417,-0.682962269993661,0.026489392246900792,$\Delta$,dfa (short)
Trace,111.0,0.6180963884012237,-1.7872449244697646,0.05486865945748526,$\Delta$,dfa (short)
Shuffled,111.0,0.6493678370417698,-1.8325417407184916,0.025250332790921343,$\Delta$,dfa (short)
Trace,112.0,0.5497571598456684,-1.6634287647798542,0.01741441741498225,$\Delta$,dfa (short)
Shuffled,112.0,0.38781330449859364,-1.3235181892436994,0.02402618457932399,$\Delta$,dfa (short)
Trace,115.0,0.5674902761291242,-1.688917920065938,0.033554930219983375,$\Delta$,dfa (short)
Shuffled,115.0,0.8703414943089399,-2.2390031820449634,0.08540248839420518,$\Delta$,dfa (short)
Trace,119.0,0.599388479396019,-1.7035654078139029,0.04721911068460661,$\Delta$,dfa (short)
Shuffled,119.0,0.46410892845851814,-1.50621315957371,0.046471019692024516,$\Delta$,dfa (short)
Trace,120.0,0.5683585411405881,-1.7343725050119996,0.04268183808138756,$\Delta$,dfa (short)
Shuffled,120.0,0.6541464187510505,-1.8320672726634024,0.029807616822629217,$\Delta$,dfa (short)
Trace,127.0,0.4367004107118095,-1.4293013227257456,0.05076572545257732,$\Delta$,dfa (short)
Shuffled,127.0,0.5952457555592559,-1.7241221160878317,0.06157827786502229,$\Delta$,dfa (short)
Trace,128.0,0.5808120338453774,-1.7641873485237374,0.05993050605145115,$\Delta$,dfa (short)
Shuffled,128.0,0.23918481391653446,-1.2042706041669387,0.02873040980756887,$\Delta$,dfa (short)
Trace,129.0,0.583812286061941,-1.816718329506177,0.03134670395478383,$\Delta$,dfa (short)
Shuffled,129.0,0.5595720586461925,-1.6086607344943442,0.04391445374817039,$\Delta$,dfa (short)
Trace,130.0,0.4155842970947659,-1.2989161775149778,0.023466184509927712,$\Delta$,dfa (short)
Shuffled,130.0,0.6383596698296656,-1.7555247343720262,0.015474287674833529,$\Delta$,dfa (short)
Trace,137.0,0.5640943201371741,-1.9608118706740503,0.006974946755413669,$\Delta$,dfa (short)
Shuffled,137.0,0.4633050288543369,-1.4310514646977426,0.0024586401606961883,$\Delta$,dfa (short)
Trace,138.0,0.6365769006134329,-1.8388894882983813,0.07485130843474294,$\Delta$,dfa (short)
Shuffled,138.0,0.9363437274902651,-2.302866357628715,0.12117158822536005,$\Delta$,dfa (short)
Trace,143.0,0.6293155161188433,-1.7599180538789654,0.03168029449788232,$\Delta$,dfa (short)
Shuffled,143.0,0.2556485267603438,-1.0203212708088139,0.002988274174407129,$\Delta$,dfa (short)
Trace,144.0,0.30998282677966565,-1.1712494583238109,0.10139202701113172,$\Delta$,dfa (short)
Shuffled,144.0,0.7005153722248435,-1.8307324896061938,0.03864536136425131,$\Delta$,dfa (short)
Trace,163.0,0.397559186039775,-1.1943407010777287,0.030331469281208865,$\Delta$,dfa (short)
Shuffled,163.0,0.5988169424443982,-1.7366060674666628,0.03275729222431272,$\Delta$,dfa (short)
Trace,164.0,0.561060226202802,-1.8185258104537985,0.031554332547751474,$\Delta$,dfa (short)
Shuffled,164.0,0.8366778382111375,-2.3294616012769236,0.05947115771979553,$\Delta$,dfa (short)
Trace,167.0,0.32614961178734575,-1.1078373140079338,0.013526229920932395,$\Delta$,dfa (short)
Shuffled,167.0,0.5427895141475046,-1.5604600396406998,0.03924267576611062,$\Delta$,dfa (short)
Trace,168.0,0.7316345264274751,-2.2298164166586423,0.099955624417153,$\Delta$,dfa (short)
Shuffled,168.0,0.532291962942571,-1.6557601823406098,0.024892858854793413,$\Delta$,dfa (short)
Trace,5.0,0.3182707187140505,-1.1319574625141908,0.03353588780208319,$\tau$,dfa (short)
Shuffled,5.0,0.5428856170329317,-1.6208264188990746,0.07888944164791721,$\tau$,dfa (short)
Trace,6.0,1.662957575388595,-4.533931682660541,0.3669956612568144,$\tau$,dfa (short)
Shuffled,6.0,0.6395651470091338,-1.8670127305588307,0.024509109057465894,$\tau$,dfa (short)
Trace,19.0,0.6108349784905795,-1.914073691675473,0.05845734634220423,$\tau$,dfa (short)
Shuffled,19.0,0.23616747101128363,-1.0418583310754992,0.014769617388651025,$\tau$,dfa (short)
Trace,20.0,0.4112694501418255,-1.4524318102325513,0.002016183842170513,$\tau$,dfa (short)
Shuffled,20.0,0.19255630213635622,-1.0847155132296402,0.02156189888520641,$\tau$,dfa (short)
Trace,23.0,0.4098777558482498,-1.2297856347852747,0.021882646456303674,$\tau$,dfa (short)
Shuffled,23.0,0.3269436294376954,-1.2810539162270247,0.02608778609506905,$\tau$,dfa (short)
Trace,24.0,0.4207890623029486,-1.3558901229780438,0.02250342085434206,$\tau$,dfa (short)
Shuffled,24.0,0.49446770039469357,-1.4166718820712614,0.053462777341554094,$\tau$,dfa (short)
Trace,41.0,0.44794204542505933,-1.6291764686942911,0.03128279108831937,$\tau$,dfa (short)
Shuffled,41.0,0.3586330524619511,-1.2523916442844292,0.05353456576306039,$\tau$,dfa (short)
Trace,42.0,0.47417227940347606,-1.6573856176730635,0.03075976589157894,$\tau$,dfa (short)
Shuffled,42.0,0.7809342308083042,-2.0365845057373484,0.0457924394024544,$\tau$,dfa (short)
Trace,45.0,0.6001781881422309,-1.8512424286605902,0.13036626338183993,$\tau$,dfa (short)
Shuffled,45.0,0.9985925383782814,-2.5720956412855416,0.012311938655320692,$\tau$,dfa (short)
Trace,49.0,0.7880291751279471,-2.1612246380019906,0.16616169467630526,$\tau$,dfa (short)
Shuffled,49.0,0.43985133779489144,-1.2977303531821374,0.08926422776929135,$\tau$,dfa (short)
Trace,50.0,0.5895291104817005,-1.6777827120223854,0.15086820399608306,$\tau$,dfa (short)
Shuffled,50.0,0.4925738396732037,-1.3632706250005404,0.02434390002256518,$\tau$,dfa (short)
Trace,51.0,0.6821576631971717,-1.8364261383660192,0.06878519734048776,$\tau$,dfa (short)
Shuffled,51.0,0.5212152647956498,-1.6828956908680572,0.05167669476375681,$\tau$,dfa (short)
Trace,52.0,0.5391296557217147,-1.4504763610445468,0.02505112248560614,$\tau$,dfa (short)
Shuffled,52.0,0.8139881017910793,-2.0647479497088908,0.08439274431915464,$\tau$,dfa (short)
Trace,55.0,0.17867896551525306,-0.9780781418314021,0.09333411758207504,$\tau$,dfa (short)
Shuffled,55.0,0.4588690551687785,-1.4194053523907737,0.012917551512477322,$\tau$,dfa (short)
Trace,56.0,0.5275219262863353,-1.3997116874262718,0.036758939682611236,$\tau$,dfa (short)
Shuffled,56.0,0.6098313231047879,-1.6370988806799058,0.002873317547256256,$\tau$,dfa (short)
Trace,59.0,0.4565763189692255,-1.3922874083717773,0.0283659676421521,$\tau$,dfa (short)
Shuffled,59.0,0.3768286199531333,-1.2759443095682588,0.013701797070968273,$\tau$,dfa (short)
Trace,60.0,0.42916429594184513,-1.3896785923767192,0.03367699192828092,$\tau$,dfa (short)
Shuffled,60.0,0.3993810652435119,-1.2642124535919477,0.02896128188451272,$\tau$,dfa (short)
Trace,67.0,0.5294807777169183,-1.4992545218188023,0.021117885547080884,$\tau$,dfa (short)
Shuffled,67.0,0.6739544768677621,-1.9732930809254383,0.2012674408765544,$\tau$,dfa (short)
Trace,68.0,0.43894852829102576,-1.6013983907961205,0.08099185938640047,$\tau$,dfa (short)
Shuffled,68.0,0.5262918227448521,-1.7488125547778712,0.0308752087833493,$\tau$,dfa (short)
Trace,69.0,0.4506921444515036,-1.3549864292147422,0.02076893054814969,$\tau$,dfa (short)
Shuffled,69.0,0.3402752178579749,-1.0567696649870215,0.03657753336955346,$\tau$,dfa (short)
Trace,70.0,0.43364617676389733,-1.433460750438982,0.013974645762236688,$\tau$,dfa (short)
Shuffled,70.0,0.48996694847799893,-1.488307763987946,0.059733488421649786,$\tau$,dfa (short)
Trace,79.0,0.7390625056625507,-2.15022017734662,0.07456202632912784,$\tau$,dfa (short)
Shuffled,79.0,0.6982389388900171,-1.7752136529807485,0.08855176279571175,$\tau$,dfa (short)
Trace,80.0,0.49711729137472266,-1.4631641064892675,0.022629084843871876,$\tau$,dfa (short)
Shuffled,80.0,0.8590229163221937,-2.3280915976219188,0.1758580996650038,$\tau$,dfa (short)
Trace,81.0,0.4435231379048312,-1.4324082572686843,0.0605449292745499,$\tau$,dfa (short)
Shuffled,81.0,0.3935772908521398,-1.4386744906673377,0.025211482172217813,$\tau$,dfa (short)
Trace,82.0,0.2828558145831281,-1.0750729543962048,0.09295751254100414,$\tau$,dfa (short)
Shuffled,82.0,0.4938985981602046,-1.4767119898210708,0.015167074810733695,$\tau$,dfa (short)
Trace,101.0,0.4793894070477517,-1.4434841194653736,0.05655144364021001,$\tau$,dfa (short)
Shuffled,101.0,0.6881934587951626,-1.9009349457103741,0.10172404143911591,$\tau$,dfa (short)
Trace,102.0,0.33923650448413667,-1.3276920752674743,0.05755248938860219,$\tau$,dfa (short)
Shuffled,102.0,0.11194753712927832,-0.6813178353803391,0.00876647846638253,$\tau$,dfa (short)
Trace,111.0,0.4793557098693172,-1.4114485775704317,0.0509982553746976,$\tau$,dfa (short)
Shuffled,111.0,0.6051407786482761,-1.6632271412037343,0.020535458410254982,$\tau$,dfa (short)
Trace,112.0,0.4082301145713293,-1.4192349032874627,0.013209105987472419,$\tau$,dfa (short)
Shuffled,112.0,0.3713944896888035,-1.2202640207394084,0.02312615793196903,$\tau$,dfa (short)
Trace,115.0,0.3036934242951908,-1.131798918096826,0.06894723812934514,$\tau$,dfa (short)
Shuffled,115.0,0.7579482044002772,-2.0939172694840256,0.0819736491418712,$\tau$,dfa (short)
Trace,119.0,0.38336715766612517,-1.3141867543126025,0.02449910136428275,$\tau$,dfa (short)
Shuffled,119.0,0.6016650878050905,-1.62983800342785,0.02675660569334881,$\tau$,dfa (short)
Trace,120.0,0.5124579568559195,-1.624023530823731,0.006965807167026713,$\tau$,dfa (short)
Shuffled,120.0,0.811832260534437,-2.1089321285739056,0.012109072688109991,$\tau$,dfa (short)
Trace,127.0,0.3832678847805662,-1.2594923626257202,0.030746049446896826,$\tau$,dfa (short)
Shuffled,127.0,0.635300539206327,-1.7568679315345612,0.027337072083168934,$\tau$,dfa (short)
Trace,128.0,0.43958758146112104,-1.384541651993041,0.011175552800585829,$\tau$,dfa (short)
Shuffled,128.0,0.3824725902633864,-1.1275982303054235,0.06343724087754547,$\tau$,dfa (short)
Trace,129.0,0.3193019780530867,-1.2980795724258027,0.035348748799725764,$\tau$,dfa (short)
Shuffled,129.0,0.3509247876959064,-1.1970257249038048,0.0633343833763087,$\tau$,dfa (short)
Trace,130.0,0.402614781938395,-1.352841099049094,0.029848390966166066,$\tau$,dfa (short)
Shuffled,130.0,0.5204162407106295,-1.5842421564698932,0.05946251132170268,$\tau$,dfa (short)
Trace,137.0,0.35124601380228176,-1.3148653712969978,0.01932642618165845,$\tau$,dfa (short)
Shuffled,137.0,0.4365079393162865,-1.3728329248529445,0.0821266514697102,$\tau$,dfa (short)
Trace,138.0,0.5924383148315989,-1.740312491231122,0.08568938820260708,$\tau$,dfa (short)
Shuffled,138.0,0.9850636549510013,-2.3630893653784497,0.059596816019675064,$\tau$,dfa (short)
Trace,143.0,0.6179933526198406,-1.7294015647869023,0.056940059646741044,$\tau$,dfa (short)
Shuffled,143.0,0.5329721938675691,-1.4997336091124964,0.046608447267952505,$\tau$,dfa (short)
Trace,144.0,0.3038747816859741,-1.281365489792356,0.059736758677822195,$\tau$,dfa (short)
Shuffled,144.0,0.6519149947910514,-1.8127184664232363,0.05620461323785941,$\tau$,dfa (short)
Trace,163.0,0.21758340542948315,-0.8760285374702159,0.009718158206478282,$\tau$,dfa (short)
Shuffled,163.0,0.49042325695497113,-1.4625897745970242,0.09854685183473712,$\tau$,dfa (short)
Trace,164.0,0.5163528007787367,-1.6461017791779524,0.04584287528210036,$\tau$,dfa (short)
Shuffled,164.0,0.6942456563247187,-1.944897648170687,0.07899496647456929,$\tau$,dfa (short)
Trace,167.0,0.4403176244764138,-1.4254100413323367,0.03876538691904189,$\tau$,dfa (short)
Shuffled,167.0,0.48279861697938975,-1.4867642207872276,0.08458184949338955,$\tau$,dfa (short)
Trace,168.0,0.5105518727560565,-1.5731046847112877,0.07110495354904058,$\tau$,dfa (short)
Shuffled,168.0,0.6096191764854944,-1.6900739534305698,0.01746256391681906,$\tau$,dfa (short)
Trace,5.0,0.8444493432167197,-2.0917445200310243,0.019581815307488593,$x_0$,dfa (short)
Shuffled,5.0,0.5967646753090718,-1.6101250661565338,0.08330148362198214,$x_0$,dfa (short)
Trace,6.0,1.2608134718999229,-3.0431904522523547,0.21134235806794746,$x_0$,dfa (short)
Shuffled,6.0,0.7416825580948685,-2.0446346838619682,0.16009442631206205,$x_0$,dfa (short)
Trace,19.0,1.0609392661685235,-2.694337182899897,0.030820182687092607,$x_0$,dfa (short)
Shuffled,19.0,0.5682709136014695,-1.8102975792143523,0.06498768952974644,$x_0$,dfa (short)
Trace,20.0,0.8712227323620649,-2.192120875337127,0.013909507724442492,$x_0$,dfa (short)
Shuffled,20.0,0.5132233080372782,-1.5733692290887231,0.08060851243915877,$x_0$,dfa (short)
Trace,23.0,0.8883394514811142,-2.3165107035819954,0.07058168019769846,$x_0$,dfa (short)
Shuffled,23.0,0.43773611297249376,-1.4804888172078758,0.044473044322767566,$x_0$,dfa (short)
Trace,24.0,1.1701899766843578,-2.972312040127858,0.0539129137431263,$x_0$,dfa (short)
Shuffled,24.0,0.3713189016606897,-1.1540381720805022,0.02211985143754721,$x_0$,dfa (short)
Trace,41.0,0.6121740996479995,-1.8776200014357771,0.021524810723085753,$x_0$,dfa (short)
Shuffled,41.0,0.31535568773011446,-1.0810886384632017,0.05971014565795541,$x_0$,dfa (short)
Trace,42.0,1.10808772329378,-2.9486091038010964,0.03517762536907954,$x_0$,dfa (short)
Shuffled,42.0,0.7196286006157229,-1.947023751879201,0.09299201876420658,$x_0$,dfa (short)
Trace,45.0,0.39864939150504763,-1.2407260697901312,0.19790874662841063,$x_0$,dfa (short)
Shuffled,45.0,0.5550422880982568,-1.7305495342366561,0.07071622750739817,$x_0$,dfa (short)
Trace,49.0,0.7165101652355546,-2.040406048586504,0.08912541868427813,$x_0$,dfa (short)
Shuffled,49.0,0.43764584825066094,-1.3288345670944577,0.10690118578663314,$x_0$,dfa (short)
Trace,50.0,1.0095894103573946,-2.4928928347633685,0.06750610422045764,$x_0$,dfa (short)
Shuffled,50.0,0.4946960821282749,-1.5784131558874912,0.061992518268943246,$x_0$,dfa (short)
Trace,51.0,1.1308803278273276,-2.9104674903733825,0.09169538402171006,$x_0$,dfa (short)
Shuffled,51.0,0.33713846404985165,-1.188079606510707,0.04737768527764715,$x_0$,dfa (short)
Trace,52.0,0.3861412811402388,-1.2044490599710809,0.031069272778552565,$x_0$,dfa (short)
Shuffled,52.0,0.5212537206710917,-1.6525730624797175,0.08776283758434904,$x_0$,dfa (short)
Trace,55.0,0.9964111265333775,-2.6737462130937284,0.11152457917811685,$x_0$,dfa (short)
Shuffled,55.0,0.3359359888080747,-1.2221562371207455,0.02532632693744573,$x_0$,dfa (short)
Trace,56.0,1.3579011301539838,-3.3282220191309504,0.1736253087136685,$x_0$,dfa (short)
Shuffled,56.0,0.6544408544790493,-1.6761980162139467,0.09123836371588526,$x_0$,dfa (short)
Trace,59.0,0.7701801142143638,-2.0271087330457798,0.04569780017111549,$x_0$,dfa (short)
Shuffled,59.0,0.1935836612899687,-0.8302078701620081,0.04174975753683783,$x_0$,dfa (short)
Trace,60.0,0.9740635617724323,-2.6043966830011755,0.040004316641563974,$x_0$,dfa (short)
Shuffled,60.0,0.4503951438134416,-1.4379125912040207,0.031079770199769156,$x_0$,dfa (short)
Trace,67.0,1.3639222272745601,-3.4713913454888994,0.02847747348065404,$x_0$,dfa (short)
Shuffled,67.0,0.6437287130129038,-1.9999497023241632,0.17733204710819028,$x_0$,dfa (short)
Trace,68.0,0.4919787902085821,-1.57571202341704,0.05532463041103604,$x_0$,dfa (short)
Shuffled,68.0,0.535026286291004,-1.4673323838480536,0.14399270059464525,$x_0$,dfa (short)
Trace,69.0,0.730641234403446,-1.870086700678958,0.018895086126206172,$x_0$,dfa (short)
Shuffled,69.0,0.4320288747694078,-1.2723353076137913,0.009500141419788201,$x_0$,dfa (short)
Trace,70.0,0.9906525654295169,-2.608261228776231,0.023634092275064054,$x_0$,dfa (short)
Shuffled,70.0,0.2821906298235828,-0.9917956394310297,0.011697858931308194,$x_0$,dfa (short)
Trace,79.0,0.8664406943118733,-2.1277103343098274,0.07249669486490058,$x_0$,dfa (short)
Shuffled,79.0,0.9708263991332983,-2.4925497447889144,0.049477450281111335,$x_0$,dfa (short)
Trace,80.0,0.8787863838296106,-2.2981701752811485,0.04127579850448869,$x_0$,dfa (short)
Shuffled,80.0,0.4604601839568348,-1.4114397959269602,0.034643249269637334,$x_0$,dfa (short)
Trace,81.0,1.1408789264584625,-2.940831076885163,0.0947908185442702,$x_0$,dfa (short)
Shuffled,81.0,0.6439744681477634,-1.7663580906865923,0.08710378774198674,$x_0$,dfa (short)
Trace,82.0,0.7410625135343608,-2.015600209349151,0.10727801605098192,$x_0$,dfa (short)
Shuffled,82.0,0.2123858326377213,-0.8771505043288126,0.07335035287933712,$x_0$,dfa (short)
Trace,101.0,0.39074655322947216,-1.4865885457299544,0.10263706324992306,$x_0$,dfa (short)
Shuffled,101.0,0.6208444390666156,-1.715042439652861,0.20523948576531856,$x_0$,dfa (short)
Trace,102.0,0.8273817294483423,-2.2458520023647255,0.00941202117969361,$x_0$,dfa (short)
Shuffled,102.0,0.4259185303245787,-1.3335557583355728,0.030007011726040766,$x_0$,dfa (short)
Trace,111.0,0.7678384942782135,-1.9304160747232972,0.02077627735557574,$x_0$,dfa (short)
Shuffled,111.0,0.6670491669716367,-1.8384156823819966,0.02805961816597462,$x_0$,dfa (short)
Trace,112.0,0.9396958876257466,-2.5617019300195696,0.028609529707470337,$x_0$,dfa (short)
Shuffled,112.0,0.7619933070921949,-2.064190867733225,0.018459832277426588,$x_0$,dfa (short)
Trace,115.0,0.8154738757912425,-2.169124484763643,0.03871263833274492,$x_0$,dfa (short)
Shuffled,115.0,0.8103764556364124,-2.0808578629753103,0.056883076470937516,$x_0$,dfa (short)
Trace,119.0,0.7611332275960218,-2.0200301895467585,0.05227121699546138,$x_0$,dfa (short)
Shuffled,119.0,0.5204391132657916,-1.4135292835489677,0.054462940471228106,$x_0$,dfa (short)
Trace,120.0,0.93337044061803,-2.424576310421248,0.027945367449369863,$x_0$,dfa (short)
Shuffled,120.0,0.7145344623877885,-1.9260261660804483,0.020949668579671205,$x_0$,dfa (short)
Trace,127.0,0.6252766231484451,-1.7649656371418305,0.07850049725734089,$x_0$,dfa (short)
Shuffled,127.0,0.6276880267100227,-1.6185448733478023,0.016497810475451763,$x_0$,dfa (short)
Trace,128.0,0.6755621314506863,-1.753876812435577,0.05346687738055223,$x_0$,dfa (short)
Shuffled,128.0,0.6796504161331153,-1.7536271487412074,0.044457205635981545,$x_0$,dfa (short)
Trace,129.0,0.7809349956195587,-2.1470300440912093,0.028295929926599094,$x_0$,dfa (short)
Shuffled,129.0,0.697842821820015,-1.907332415678481,0.05960882430485546,$x_0$,dfa (short)
Trace,130.0,0.997698410871636,-2.512691324607946,0.05818284979330929,$x_0$,dfa (short)
Shuffled,130.0,0.4384431315037515,-1.4011479172070713,0.06314498037057897,$x_0$,dfa (short)
Trace,137.0,0.7498108605507492,-2.026493914915407,0.16688602373154257,$x_0$,dfa (short)
Shuffled,137.0,0.6560660860197357,-1.8546254512105838,0.10819659966868006,$x_0$,dfa (short)
Trace,138.0,0.8961966456864947,-2.3817516618308,0.07021050189884608,$x_0$,dfa (short)
Shuffled,138.0,0.5085755054890111,-1.449885571175066,0.1083332086805783,$x_0$,dfa (short)
Trace,143.0,0.5487681751562068,-1.660005824152028,0.04252614858730937,$x_0$,dfa (short)
Shuffled,143.0,0.43148534418675566,-1.5654058246294638,0.07443473679606419,$x_0$,dfa (short)
Trace,144.0,0.6248499947049521,-1.7505793904119344,0.0070070253896302795,$x_0$,dfa (short)
Shuffled,144.0,0.6643053284572012,-1.8623054928763578,0.14351364401280167,$x_0$,dfa (short)
Trace,163.0,0.634446699822119,-1.7379000777557556,0.07142189227252442,$x_0$,dfa (short)
Shuffled,163.0,0.3133751795480324,-1.1787638898780148,0.021448628622670763,$x_0$,dfa (short)
Trace,164.0,0.7794400597132078,-2.0645172555866966,0.0063306412803709414,$x_0$,dfa (short)
Shuffled,164.0,0.7750669213884966,-2.1573175985618547,0.08072679047647013,$x_0$,dfa (short)
Trace,167.0,0.7029600182863096,-1.9422447565445395,0.058747805063753586,$x_0$,dfa (short)
Shuffled,167.0,0.3418671581463487,-1.2506388695468118,0.030776062059189337,$x_0$,dfa (short)
Trace,168.0,1.0510315849360272,-2.856590807428528,0.08166846438657578,$x_0$,dfa (short)
Shuffled,168.0,0.6956093968409106,-1.9968988138379742,0.008503487153677696,$x_0$,dfa (short)
Trace,5.0,1.014998491874019,-2.580385939270635,0.06741596212269886,$x_\tau$,dfa (short)
Shuffled,5.0,0.5974202547926871,-1.7860878562712104,0.06906681827919582,$x_\tau$,dfa (short)
Trace,6.0,1.7360961497138863,-4.669163775923364,0.3366309715975614,$x_\tau$,dfa (short)
Shuffled,6.0,0.518083111420203,-1.6418273824403435,0.03161003792366601,$x_\tau$,dfa (short)
Trace,19.0,1.3300276036423724,-3.3438898784144198,0.05823962251006319,$x_\tau$,dfa (short)
Shuffled,19.0,0.3279334174518034,-1.296162716196398,0.07825864730625978,$x_\tau$,dfa (short)
Trace,20.0,0.8323780981863487,-2.1671075590744033,0.037582221264845984,$x_\tau$,dfa (short)
Shuffled,20.0,0.46774425320951374,-1.4167843881284585,0.06286643003867255,$x_\tau$,dfa (short)
Trace,23.0,1.0338056254016124,-2.7281957152116023,0.09847785528880615,$x_\tau$,dfa (short)
Shuffled,23.0,0.4585248289650013,-1.4151040881666068,0.06425011304344323,$x_\tau$,dfa (short)
Trace,24.0,1.066035471705036,-2.7555051929548644,0.051169436512941334,$x_\tau$,dfa (short)
Shuffled,24.0,0.4516077996766586,-1.3564434939893206,0.02901614748758998,$x_\tau$,dfa (short)
Trace,41.0,0.7643507517074349,-2.2066958508056924,0.05834577831624179,$x_\tau$,dfa (short)
Shuffled,41.0,0.5232414967740503,-1.5506481514726282,0.01997002712056666,$x_\tau$,dfa (short)
Trace,42.0,1.2055839566152615,-3.16359731819859,0.04194582605802003,$x_\tau$,dfa (short)
Shuffled,42.0,0.4450753962167739,-1.497031406204782,0.014567387964330778,$x_\tau$,dfa (short)
Trace,45.0,0.5562903131710067,-1.47146858300299,0.19538305448175386,$x_\tau$,dfa (short)
Shuffled,45.0,0.5565818638549832,-1.5600851989005664,0.02679870769235591,$x_\tau$,dfa (short)
Trace,49.0,0.9569941349762034,-2.547470202308853,0.032205198525797896,$x_\tau$,dfa (short)
Shuffled,49.0,0.7550064942219078,-2.124595510788296,0.009613136970618337,$x_\tau$,dfa (short)
Trace,50.0,1.0078384720181273,-2.4383337848479028,0.011660991305611199,$x_\tau$,dfa (short)
Shuffled,50.0,0.3314111880400225,-1.3763632559855044,0.037070986447676826,$x_\tau$,dfa (short)
Trace,51.0,1.1686209339217346,-3.068263412723558,0.10107335442161244,$x_\tau$,dfa (short)
Shuffled,51.0,0.14846583296613383,-0.8301926955361185,0.056340726768955456,$x_\tau$,dfa (short)
Trace,52.0,0.9109193320068593,-2.3485203695600845,0.05594253471340982,$x_\tau$,dfa (short)
Shuffled,52.0,0.590791866197026,-1.6464850944872216,0.05271337138756777,$x_\tau$,dfa (short)
Trace,55.0,0.6611741940642111,-1.933722746836464,0.05371803821642545,$x_\tau$,dfa (short)
Shuffled,55.0,0.756608116847026,-2.066201817910442,0.13232868389038313,$x_\tau$,dfa (short)
Trace,56.0,1.0183071784163893,-2.477847215202129,0.18703125525142514,$x_\tau$,dfa (short)
Shuffled,56.0,0.5002211763635208,-1.43279597318496,0.009977250630655098,$x_\tau$,dfa (short)
Trace,59.0,0.9270700324495662,-2.417214928272564,0.07210753975565368,$x_\tau$,dfa (short)
Shuffled,59.0,0.4958725478198555,-1.5432614182014976,0.07419341097266073,$x_\tau$,dfa (short)
Trace,60.0,0.8716235944944872,-2.25797309992872,0.025021255317692698,$x_\tau$,dfa (short)
Shuffled,60.0,0.4042888562242805,-1.4080891867071554,0.07401084691057133,$x_\tau$,dfa (short)
Trace,67.0,1.58092159767103,-3.941589120297858,0.15988202093474294,$x_\tau$,dfa (short)
Shuffled,67.0,0.3855648125063631,-1.4302013029047997,0.048145567776221254,$x_\tau$,dfa (short)
Trace,68.0,0.9054139033586491,-2.619740756532071,0.17949626355694975,$x_\tau$,dfa (short)
Shuffled,68.0,0.5103187699278038,-1.5957910213685471,0.0001580437743392496,$x_\tau$,dfa (short)
Trace,69.0,0.8620716361838812,-2.288304357528276,0.04457536577132823,$x_\tau$,dfa (short)
Shuffled,69.0,0.4127516144432025,-1.2799539355683283,0.06942129998029971,$x_\tau$,dfa (short)
Trace,70.0,1.0153732301376537,-2.665552770174369,0.04332513224067327,$x_\tau$,dfa (short)
Shuffled,70.0,0.40297609914148586,-1.2510756936654255,0.029526655314009814,$x_\tau$,dfa (short)
Trace,79.0,0.7285453235133511,-1.839469222534111,0.08461950940056463,$x_\tau$,dfa (short)
Shuffled,79.0,0.470247643103214,-1.4484229429368982,0.037067910282716963,$x_\tau$,dfa (short)
Trace,80.0,0.7113256762593183,-1.9362386227647321,0.04633545927009259,$x_\tau$,dfa (short)
Shuffled,80.0,0.6486430877928635,-1.7492574859739733,0.052072775086097284,$x_\tau$,dfa (short)
Trace,81.0,1.06076304319043,-2.5911078077580862,0.12120057501883721,$x_\tau$,dfa (short)
Shuffled,81.0,0.386793111936483,-1.5124706451425958,0.04353421324193104,$x_\tau$,dfa (short)
Trace,82.0,1.0866950866397396,-2.864198983492051,0.16297670090713295,$x_\tau$,dfa (short)
Shuffled,82.0,0.5182498601090927,-1.5332319873355293,0.16251107837353607,$x_\tau$,dfa (short)
Trace,101.0,0.7446801783776922,-2.149023868016109,0.13708155584239556,$x_\tau$,dfa (short)
Shuffled,101.0,0.5856265517429865,-1.6731858326616793,0.08087335119640127,$x_\tau$,dfa (short)
Trace,102.0,0.9117166695922151,-2.511894994997148,0.08141142958224296,$x_\tau$,dfa (short)
Shuffled,102.0,0.27648527356040414,-1.1012895382066485,0.010436416070637031,$x_\tau$,dfa (short)
Trace,111.0,0.8013502736074338,-2.0813338460098434,0.02220990929157206,$x_\tau$,dfa (short)
Shuffled,111.0,0.48378878568316724,-1.5105053860407809,0.022427044836293975,$x_\tau$,dfa (short)
Trace,112.0,0.8800750969211212,-2.408484753211224,0.030647113199972893,$x_\tau$,dfa (short)
Shuffled,112.0,0.5073075745004726,-1.4815917025899983,0.03876333640439636,$x_\tau$,dfa (short)
Trace,115.0,0.7526613613361924,-2.144211776284833,0.11673360347227558,$x_\tau$,dfa (short)
Shuffled,115.0,0.5706243472297434,-1.5601475676901237,0.09170656365210735,$x_\tau$,dfa (short)
Trace,119.0,0.9403917668268779,-2.4289205853689038,0.10880912838193625,$x_\tau$,dfa (short)
Shuffled,119.0,0.33330753815214,-1.301362690963888,0.01747923690227778,$x_\tau$,dfa (short)
Trace,120.0,1.0001760945548457,-2.6287490476998943,0.03243842745051128,$x_\tau$,dfa (short)
Shuffled,120.0,0.5874239684499882,-1.761242075850826,0.01363351571747892,$x_\tau$,dfa (short)
Trace,127.0,0.7403789964063989,-2.090408426636677,0.13011891927802616,$x_\tau$,dfa (short)
Shuffled,127.0,0.3864818268216167,-1.191097750079938,0.015200049555392359,$x_\tau$,dfa (short)
Trace,128.0,0.8235415170737268,-2.185122457960281,0.07389137027956919,$x_\tau$,dfa (short)
Shuffled,128.0,0.5553842104969717,-1.8315963419274557,0.047926965429228356,$x_\tau$,dfa (short)
Trace,129.0,0.8831243147216921,-2.391517493620119,0.06385013614984739,$x_\tau$,dfa (short)
Shuffled,129.0,0.6746904784131909,-1.823011292010308,0.019559951512697505,$x_\tau$,dfa (short)
Trace,130.0,0.8683776041266394,-2.2179652636748353,0.05711286407174177,$x_\tau$,dfa (short)
Shuffled,130.0,0.5164312768477792,-1.5164081758909878,0.02813351733769508,$x_\tau$,dfa (short)
Trace,137.0,0.8128140801021607,-2.294466707941818,0.05785807438709037,$x_\tau$,dfa (short)
Shuffled,137.0,0.554315128286508,-1.6116407890925544,0.006994725433775519,$x_\tau$,dfa (short)
Trace,138.0,0.8113797501875792,-2.1832461987819354,0.1403277148460518,$x_\tau$,dfa (short)
Shuffled,138.0,0.869514397247926,-2.2428496962930518,0.2272816943101304,$x_\tau$,dfa (short)
Trace,143.0,0.9553407909879479,-2.5742268559798056,0.027446322258016145,$x_\tau$,dfa (short)
Shuffled,143.0,0.1279266113865025,-0.8703396429280146,0.0022283278824242877,$x_\tau$,dfa (short)
Trace,144.0,0.697866239735013,-1.8109167870143232,0.1147454057546097,$x_\tau$,dfa (short)
Shuffled,144.0,0.6952715231573369,-1.77138001728861,0.06012016032187004,$x_\tau$,dfa (short)
Trace,163.0,0.7970130737864304,-2.0682862058086235,0.09808447640373254,$x_\tau$,dfa (short)
Shuffled,163.0,0.5461537438170828,-1.5764506746840128,0.023391280830605002,$x_\tau$,dfa (short)
Trace,164.0,0.8391713903421427,-2.2969202055076963,0.008871094993678998,$x_\tau$,dfa (short)
Shuffled,164.0,0.8662917579783176,-2.326159949523548,0.037475503914716185,$x_\tau$,dfa (short)
Trace,167.0,0.6438713424833717,-1.8466598020787468,0.02342364332201462,$x_\tau$,dfa (short)
Shuffled,167.0,0.5084015783708071,-1.4532994625926312,0.04732551752931771,$x_\tau$,dfa (short)
Trace,168.0,1.0031894244678607,-2.749578267151281,0.12824578682823848,$x_\tau$,dfa (short)
Shuffled,168.0,0.4427577084636425,-1.4733255598411166,0.035985905538076964,$x_\tau$,dfa (short)
Trace,5.0,1.2141169549113888,-3.1510760164728784,0.04919238267326311,$\alpha$,dfa (short)
Shuffled,5.0,0.39399577529213003,-1.2682590208041773,0.08403504198546106,$\alpha$,dfa (short)
Trace,6.0,0.6882541553065199,-1.9993056650685013,0.12491855330834603,$\alpha$,dfa (short)
Shuffled,6.0,0.3328886253488239,-1.1479382898511683,0.03837402727268888,$\alpha$,dfa (short)
Trace,19.0,0.6388856698233557,-1.939222615438575,0.02612423427480132,$\alpha$,dfa (short)
Shuffled,19.0,0.38496318450483363,-1.2763668625431404,0.05992757979224695,$\alpha$,dfa (short)
Trace,20.0,1.0237689911843728,-2.6127954865512777,0.057472235277270134,$\alpha$,dfa (short)
Shuffled,20.0,0.2328937405270884,-1.0277723301222885,0.02278772052591815,$\alpha$,dfa (short)
Trace,23.0,0.6677617554038259,-1.749654575040823,0.020584725367034307,$\alpha$,dfa (short)
Shuffled,23.0,0.2680844714658033,-1.0135682494554357,0.055271524906038774,$\alpha$,dfa (short)
Trace,24.0,0.6193272215368649,-1.652485761257705,0.0997423545976783,$\alpha$,dfa (short)
Shuffled,24.0,0.47154979601136804,-1.4514996740027226,0.010295396509900275,$\alpha$,dfa (short)
Trace,41.0,0.7854267649126304,-2.1757222362590745,0.019270772760546576,$\alpha$,dfa (short)
Shuffled,41.0,0.6351860636406936,-1.8414523094107613,0.04790059899230164,$\alpha$,dfa (short)
Trace,42.0,0.706868079375153,-1.925288459106902,0.02575224265877763,$\alpha$,dfa (short)
Shuffled,42.0,0.5227367478822622,-1.5154625252230987,0.06696156441285593,$\alpha$,dfa (short)
Trace,45.0,1.1515357920797014,-2.823346116587428,0.12379832772845996,$\alpha$,dfa (short)
Shuffled,45.0,0.5140079686769967,-1.659072152157557,0.04714574434512115,$\alpha$,dfa (short)
Trace,49.0,0.7841835086690964,-2.0431014195201294,0.18554494566930532,$\alpha$,dfa (short)
Shuffled,49.0,0.5616809035584648,-1.4393755059206703,0.1335781157295393,$\alpha$,dfa (short)
Trace,50.0,0.8944211274876634,-2.495034014485022,0.044682058606270086,$\alpha$,dfa (short)
Shuffled,50.0,0.41548822912767547,-1.4201970898485718,0.004628001898955283,$\alpha$,dfa (short)
Trace,51.0,0.4785304746696773,-1.4771019644516064,0.016974409202272788,$\alpha$,dfa (short)
Shuffled,51.0,0.3293891752379886,-1.0575622388076864,0.03504321295154997,$\alpha$,dfa (short)
Trace,52.0,1.0139195682199418,-2.4954101414099448,0.011818416709083455,$\alpha$,dfa (short)
Shuffled,52.0,0.8905488910853553,-2.234869569033835,0.06219281153937067,$\alpha$,dfa (short)
Trace,55.0,0.7647589623040408,-2.013245107764845,0.01527095272445632,$\alpha$,dfa (short)
Shuffled,55.0,0.5286521098793505,-1.5117952617160464,0.10505068337669905,$\alpha$,dfa (short)
Trace,56.0,1.1287772939591112,-2.75057479419536,0.0514513196286579,$\alpha$,dfa (short)
Shuffled,56.0,0.47937486257853834,-1.5743310778426731,0.04645187922947337,$\alpha$,dfa (short)
Trace,59.0,0.8655765817239703,-2.158511557961231,0.02853120291075454,$\alpha$,dfa (short)
Shuffled,59.0,0.8136052576987379,-2.2248808365044983,0.03276338919009087,$\alpha$,dfa (short)
Trace,60.0,0.6526836458927749,-1.7966577600529632,0.050827729378546634,$\alpha$,dfa (short)
Shuffled,60.0,0.6243786199234296,-1.683340528819629,0.0066967510299629765,$\alpha$,dfa (short)
Trace,67.0,0.948397171394966,-2.5523259660340796,0.03884077291192578,$\alpha$,dfa (short)
Shuffled,67.0,0.6272807568324575,-1.7886620733707228,0.045425217894267976,$\alpha$,dfa (short)
Trace,68.0,1.1297592638233007,-2.8243469491351614,0.14294809242209366,$\alpha$,dfa (short)
Shuffled,68.0,0.7084141801749863,-2.0737973299280963,0.07295629282529004,$\alpha$,dfa (short)
Trace,69.0,0.986181179252753,-2.5694089942278304,0.0292077202006534,$\alpha$,dfa (short)
Shuffled,69.0,0.6968761837486518,-1.9157872362197046,0.010323623950388196,$\alpha$,dfa (short)
Trace,70.0,0.9162969247173913,-2.49384868994919,0.04625116604502227,$\alpha$,dfa (short)
Shuffled,70.0,0.5689924609418676,-1.633192595274815,0.041132460569479806,$\alpha$,dfa (short)
Trace,79.0,0.8376145656984112,-2.586942615945028,0.058462571265123144,$\alpha$,dfa (short)
Shuffled,79.0,0.31389177301709753,-1.123150915296534,0.07677124372185527,$\alpha$,dfa (short)
Trace,80.0,0.7638101358931891,-2.1502834579483308,0.029873015282699703,$\alpha$,dfa (short)
Shuffled,80.0,0.8515128555642648,-2.6037841534413646,0.19181411376071283,$\alpha$,dfa (short)
Trace,81.0,0.8861606730756754,-2.208274163850205,0.06522594480392421,$\alpha$,dfa (short)
Shuffled,81.0,0.6870750977488097,-1.8862042316020164,0.058132068999537226,$\alpha$,dfa (short)
Trace,82.0,0.5631786084908529,-1.6943162214343563,0.07461736564978706,$\alpha$,dfa (short)
Shuffled,82.0,0.4425856387829234,-1.459487127353114,0.1446156424769607,$\alpha$,dfa (short)
Trace,101.0,0.8076201737215091,-2.03343830035446,0.04754455703706424,$\alpha$,dfa (short)
Shuffled,101.0,0.8050995914405547,-2.205487947414203,0.03740622054909944,$\alpha$,dfa (short)
Trace,102.0,0.4861177853492144,-1.4553553560806405,0.00673516549032406,$\alpha$,dfa (short)
Shuffled,102.0,0.6305620439881401,-1.8911617064350565,0.026886653371020586,$\alpha$,dfa (short)
Trace,111.0,0.9386495846879197,-2.447546165977706,0.01517714866613576,$\alpha$,dfa (short)
Shuffled,111.0,0.6730918173086128,-1.9281949313822349,0.03452482092325198,$\alpha$,dfa (short)
Trace,112.0,0.9003311187684503,-2.3915779153624444,0.04299038667990372,$\alpha$,dfa (short)
Shuffled,112.0,0.639061589048845,-1.7739624374379783,0.02466940270899054,$\alpha$,dfa (short)
Trace,115.0,0.8740838564899689,-2.0295997028034245,0.13475784262217608,$\alpha$,dfa (short)
Shuffled,115.0,0.8320189593927398,-2.212187049877605,0.07873859471171575,$\alpha$,dfa (short)
Trace,119.0,0.9538008457348548,-2.4460715623440406,0.07091509661751579,$\alpha$,dfa (short)
Shuffled,119.0,0.5758509050098937,-1.6986918839821314,0.032566424138971935,$\alpha$,dfa (short)
Trace,120.0,0.8180904131661036,-2.157185363929947,0.07816726837876259,$\alpha$,dfa (short)
Shuffled,120.0,0.42217166718223276,-1.3298122185651378,0.02176246014507193,$\alpha$,dfa (short)
Trace,127.0,1.1244097843528869,-2.8677398973703245,0.01478965128903681,$\alpha$,dfa (short)
Shuffled,127.0,0.3104810399518057,-1.1998069287877682,0.014893159192211163,$\alpha$,dfa (short)
Trace,128.0,0.9723624335917901,-2.391651099449428,0.13026746070789869,$\alpha$,dfa (short)
Shuffled,128.0,0.567677061072162,-1.5356300802870473,0.03640828160839421,$\alpha$,dfa (short)
Trace,129.0,0.7877294117051604,-2.0533295208616593,0.07775673185681618,$\alpha$,dfa (short)
Shuffled,129.0,0.6495499695137349,-1.8708656099661753,0.02071936325953149,$\alpha$,dfa (short)
Trace,130.0,0.7767520013000689,-2.1864109995206666,0.022270542479809294,$\alpha$,dfa (short)
Shuffled,130.0,0.5927691510848689,-1.8100107467385347,0.013273892038058184,$\alpha$,dfa (short)
Trace,137.0,0.3495726733463033,-1.1698057469626273,0.11769814945695728,$\alpha$,dfa (short)
Shuffled,137.0,0.639276516679554,-1.8694141431849043,0.025898522387834067,$\alpha$,dfa (short)
Trace,138.0,1.070597443877833,-2.756801092865286,0.03972791497971521,$\alpha$,dfa (short)
Shuffled,138.0,0.7348495260541408,-1.9926859965656658,0.009282070552735854,$\alpha$,dfa (short)
Trace,143.0,1.1082809433711192,-2.659848538959672,0.0398556379712726,$\alpha$,dfa (short)
Shuffled,143.0,0.9402412224649233,-2.289235329913002,0.13728792318389504,$\alpha$,dfa (short)
Trace,144.0,1.122392681124867,-2.847978242449295,0.0005789548917947616,$\alpha$,dfa (short)
Shuffled,144.0,0.3488679194366628,-1.2073265147687635,0.05074815171400805,$\alpha$,dfa (short)
Trace,163.0,0.7491832749002918,-1.9775885244571272,0.09225065260655009,$\alpha$,dfa (short)
Shuffled,163.0,0.5699136328557771,-1.5954780008971137,0.04228306907565213,$\alpha$,dfa (short)
Trace,164.0,0.7562776802934714,-2.020581587296506,0.05980172219643669,$\alpha$,dfa (short)
Shuffled,164.0,0.2845489658474842,-1.015460576065275,0.06436380326622311,$\alpha$,dfa (short)
Trace,167.0,0.9074575541799434,-2.3702939726223735,0.03408404447733025,$\alpha$,dfa (short)
Shuffled,167.0,0.33941280112721145,-1.1145004781777363,0.06875841034085044,$\alpha$,dfa (short)
Trace,168.0,0.8469174223511252,-2.2167895103563473,0.07698694708819422,$\alpha$,dfa (short)
Shuffled,168.0,0.31308557428658523,-1.1959554517977686,0.01273714904874809,$\alpha$,dfa (short)
